apreensao,data_apreensao,placa,renavam,chassi,leilao,data_leilao,lote,classificacao,
953,2017-04-12,NQT5735,231589514,9C6KE1200A0069094,2,2019-12-09,338,DUT,"{'data_apreensao':'953','numero_leilao':'2','data_leilao':'2019-12-09','numero_lote':'338,''classificacao':'DUT'}"
9991,2018-01-17,OCL7745,345091116,9C2NC4310BR253820,3,2019-01-09,357,DUT,
10214,2018-01-21,OCG3890,413314375,9C2JC4120BR750548,3,2019-01-09,342,DUT,
957,2017-04-12,NUN9760,300064470,9C2JC4110BR335774,3,2019-01-09,236,DUT,
9835,2018-01-14,OIW6800,498353940,93FCRECGBBM004070,3,2019-01-09,189,SUCATA,
4370,2017-08-21,JUU0970,686826922,9C2JC250VVR225775,3,2019-01-09,33,SUCATA,
9830,2018-01-14,HXW3390,774349590,9C2JC30102R109192,3,2019-01-09,184,SUCATA,
9867,2018-01-15,NQT1555,230191770,9C6KE1220A0137156,2,2019-12-09,78,SUCATA,
11361,2018-02-21,HYT5915,969148909,9C2JC30708R622579,2,2019-12-09,270,DUT,
394,2017-03-20,PMC6807,1043558729,9C6KE1950F0041882,2,2019-12-09,277,DUT,
10306,2018-01-22,HXJ5687,942685490,9C2JC30707R086940,2,2019-12-09,536,DUT,
298,2017-03-17,NQM7097,158412885,95VCA1C599M007219,2,2019-12-09,235,DUT,
8329,2017-12-06,NNU0828,253874513,9C2JC4110AR066219,2,2019-12-09,180,DUT,
11456,2018-02-24,HXZ1965,933588011,9BWCA05W68T069539,2,2019-12-09,699,DUT,
6427,2017-10-11,HXT6803,921745150,94J2XECB77M018055,2,2019-12-09,27,SUCATA,
5209,2017-09-12,NUX6351,199710988,9C2JC4110AR605173,2,2019-12-09,321,DUT,
7122,2017-10-31,HVP0415,698820886,9C2JC250WWR188934,2,2019-12-09,420,DUT,
9557,2018-01-06,NUZ6500,284346403,LAAAEKNB090001217,2,2019-12-09,440,DUT,
11602,2018-03-01,ORN8111,507137817,9C2JC4110DR769271,2,2019-12-09,463,DUT,
12932,2018-04-09,OSE8071,525968466,9C2KC1660DR519814,2,2019-12-09,389,DUT,
6590,2017-10-16,MYN8380,744837820,9BFBSZFDAYB338455,2,2019-12-09,662,SUCATA,
12867,2018-04-07,HXU8430,772071659,9C2JC30102R111083,3,2019-01-09,201,SUCATA,
7309,2017-11-05,HXP1980,843742500,9C2KC08105R817126,3,2019-01-09,69,SUCATA,
9833,2018-01-14,HVU4350,159788617,CG125BR3120792,3,2019-01-09,188,SUCATA,
7121,2017-10-31,NUY4631,199842230,9C2KC1550AR015607,3,2019-01-09,310,DUT,
8542,2017-12-13,ORS9173,540615102,9C2KC1670DR498887,3,2019-01-09,285,DUT,
3862,2017-08-05,HVN6786,696244284,9C2JC250WWR154855,3,2019-01-09,203,SUCATA,
666,2017-04-01,NUP2186,257280677,9C2JC4110AR712689,3,2019-01-09,45,SUCATA,
5360,2017-09-15,NQO7686,188940936,9C2KC1550AR041364,3,2019-01-09,147,SUCATA,
4668,2017-08-27,OCD2786,347268161,95VCA6D8BBM001741,3,2019-01-09,161,SUCATA,
493,2017-03-24,NQU9626,254146783,9C2JC4110AR083987,3,2019-01-09,358,DUT,
6765,2017-10-21,OIQ9866,476068770,9C2JC4110CR326125,3,2019-01-09,458,DUT,
12648,2018-03-31,HWY0225,783340230,9C2MC35002R035025,2,2019-12-09,335,DUT,
11056,2018-02-08,OCP0291,321654099,93FCMACLABM001263,2,2019-12-09,578,DUT,
6799,2017-10-22,HYT1353,961742062,9C2JC30708R579218,3,2019-01-09,78,SUCATA,
8154,2017-12-01,HYY4327,990462374,9C2JC30708R662231,2,2019-12-09,190,DUT,
7262,2017-11-03,HUH6101,845557823,9C2KC08105R824708,2,2019-12-09,471,DUT,
8988,2017-12-21,OCN0946,353474568,9C2HB0210CR410262,3,2019-01-09,246,DUT,
10527,2018-01-26,OCC8552,324568070,9C2KC1650BR508313,2,2019-12-09,158,DUT,
11087,2018-02-09,OSD1544,552114235,9C2KC1670DR493394,2,2019-12-09,487,DUT,
12683,2018-04-02,NVE3745,232392226,9C2JC4110AR647607,2,2019-12-09,604,DUT,
3645,2017-07-30,HYF4419,817054758,9BWKA05Z544003235,2,2019-12-09,693,DUT,
6858,2017-10-24,HWZ8815,785241400,9C6KE013020026951,2,2019-12-09,32,SUCATA,
10237,2018-01-21,NQX1113,212343220,LWYPCJ9AX96002335,2,2019-12-09,34,SUCATA,
12364,2018-03-20,NUO4247,264022416,95VCA4M59AM006757,2,2019-12-09,44,SUCATA,
13489,2018-04-25,NRD2254,224283030,9C6KE1260A0014142,2,2019-12-09,302,DUT,
7032,2017-10-28,HYD6358,900251603,9C2KC08107R045852,2,2019-12-09,306,DUT,
8270,2017-12-05,OSE6073,554850664,9C6KE1930E0003481,2,2019-12-09,316,DUT,
8884,2017-12-19,OIH4770,1013575196,9C2JC4110ER726270,2,2019-12-09,400,DUT,
11240,2018-02-19,HYV2983,962527963,9C2JC30708R582865,2,2019-12-09,346,DUT,
7040,2017-10-28,PMH6329,1027710180,9C2KC1680FR539785,2,2019-12-09,432,DUT,
6426,2017-10-11,NQT6747,174512791,9C2JC4110AR003393,2,2019-12-09,365,DUT,
9784,2018-01-13,OSR0843,542009064,9C2KC1680DR310981,2,2019-12-09,377,DUT,
12314,2018-03-17,OSH7564,569071100,9C2JC4110DR125054,2,2019-12-09,382,DUT,
9060,2017-12-24,NRB2168,165262923,95VCB1L589M031001,2,2019-12-09,384,DUT,
5141,2017-09-10,PMR5329,1031514721,9C2KC1680FR547675,2,2019-12-09,480,DUT,
8302,2017-12-06,PNN8699,1065975250,9C2JB0100GR104176,2,2019-12-09,387,DUT,
7527,2017-11-12,OIG1923,464807417,9C6KE1500C0048028,2,2019-12-09,398,DUT,
11890,2018-03-08,OIJ1354,466845316,95VC01A2CCM001121,2,2019-12-09,568,DUT,
10377,2018-01-23,HXX9062,910735441,9C2JC30707R097718,2,2019-12-09,168,DUT,
10967,2018-02-06,HAL5182,809770083,9C2JC30103R299176,2,2019-12-09,527,DUT,
12412,2018-03-21,NUO1132,202488233,9C2JC4110AR614914,2,2019-12-09,414,DUT,
5805,2017-09-27,NQR8302,193484986,9C2JC4110AR578259,2,2019-12-09,486,DUT,
12327,2018-03-18,HYC1143,920485820,94J2XMJD77M014844,2,2019-12-09,22,SUCATA,
9790,2018-01-13,LVO5573,710084960,9BFZZZGDAVB532784,2,2019-12-09,658,SUCATA,
9844,2018-01-14,EJM8234,153961244,94J2XECA88M027278,2,2019-12-09,5,SUCATA,
13760,2018-05-05,CNN5964,704926245,9BGJG19HWWB580890,2,2019-12-09,660,SUCATA,
13027,2018-04-12,HXP5244,804980160,9C2JC30213R642840,2,2019-12-09,396,DUT,
12142,2018-03-14,LWP9045,889344019,93YBB0Y056J741738,2,2019-12-09,645,SUCATA,
4407,2017-08-21,HYZ7263,965729796,9BFZF10A088260387,2,2019-12-09,687,DUT,
7457,2017-11-10,HWD1106,737524863,9BWCA15X5YT199407,2,2019-12-09,675,DUT,
4910,2017-09-01,KVV6435,495568333,9C2NC4310CR062859,2,2019-12-09,593,DUT,
5424,2017-09-17,HYQ5675,939140977,94J2XCCD77M018709,2,2019-12-09,6,SUCATA,
12688,2018-04-02,NQL3864,138448825,9C2KC16209R002068,2,2019-12-09,470,DUT,
11209,2018-02-18,HWU0613,852648430,94J2XECH45M001787,2,2019-12-09,26,SUCATA,
10075,2018-01-18,HXQ7118,790472945,9C2JC30203R008889,2,2019-12-09,380,DUT,
4380,2017-08-21,OCK4665,346576431,94J2XECL89M031182,3,2019-01-09,117,SUCATA,
12911,2018-04-09,HUY5357,834857545,9C2KC08104R099589,3,2019-01-09,260,DUT,
12794,2018-04-05,HXZ1809,817812300,9C2JC30104R006141,3,2019-01-09,258,DUT,
11566,2018-02-28,NQL6807,156410885,9C2KC15209R106942,2,2019-12-09,447,DUT,
10098,2018-01-19,HUM8541,616133006,9BGKY08GRRC333574,2,2019-12-09,657,SUCATA,
13776,2018-05-05,NQO5216,153822384,9C6KE122090063488,2,2019-12-09,265,DUT,
1817,2017-05-23,HWI7183,756935903,9C2MC27001R022881,2,2019-12-09,18,SUCATA,
8769,2017-12-17,HVS7371,669975273,9BFZZZFHAVB096132,2,2019-12-09,721,DUT,
1504,2017-05-10,HXK8406,894246763,9C2JC30706R934937,2,2019-12-09,490,DUT,
12047,2018-03-12,OHX1286,477443443,9C2JC4110CR326099,2,2019-12-09,613,DUT,
11610,2018-03-01,NUM8547,260936359,9C2JC4120BR502849,2,2019-12-09,445,DUT,
12442,2018-03-22,HWC0847,862578655,9BD17140A62637874,2,2019-12-09,701,DUT,
2206,2017-06-07,HUN2175,650859332,9C2JA010TTR000544,2,2019-12-09,57,SUCATA,
7187,2017-11-01,HWD0827,744527228,9C2JC3010YR158177,2,2019-12-09,313,DUT,
11213,2018-02-18,MUH7108,210802804,9BWZZZ30ZNT101316,2,2019-12-09,663,SUCATA,
686,2017-04-01,LIX8928,318768763,9BGKW08TMMC338111,2,2019-12-09,656,SUCATA,
9275,2017-12-29,HVV0015,720723051,9BR53AEB2X5504106,2,2019-12-09,677,DUT,
9027,2017-12-22,HUV8108,898869471,9362AKFW97B016157,2,2019-12-09,720,DUT,
11120,2018-02-14,NUR3459,281914524,9C2JC4110BR313316,2,2019-12-09,524,DUT,
10388,2018-01-23,HXC8289,747715424,9C2JD17101R001647,2,2019-12-09,74,SUCATA,
2488,2017-06-17,NUP7419,282260021,9C2JC4110BR428177,2,2019-12-09,516,DUT,
7910,2017-11-24,HVU0699,693289015,9C2JA010WVR000526,2,2019-12-09,483,DUT,
2661,2017-06-24,HXW3569,868057711,9C2KC08106R821768,2,2019-12-09,25,SUCATA,
4095,2017-08-12,NRE9982,201036681,9C2JC4120AR071788,2,2019-12-09,96,DUT,
2937,2017-07-04,HUA5566,156018110,9C2JC1911HR107874,2,2019-12-09,17,SUCATA,
13548,2018-04-27,HXP0326,893706523,9C2KC08207R000818,2,2019-12-09,126,DUT,
7561,2017-11-13,NRB1854,142593141,9C2JC41109R048361,2,2019-12-09,182,DUT,
11271,2018-02-20,NRD3138,159647304,9BD17140MA5487362,2,2019-12-09,697,DUT,
9174,2017-12-27,HYL0299,869912445,9BWCA05W36T054400,2,2019-12-09,710,DUT,
11951,2018-03-10,HUK3381,616789009,9BWZZZ30ZRT004647,2,2019-12-09,632,SUCATA,
12219,2018-03-15,HUU3993,162483031,9BD14600003082685,2,2019-12-09,630,SUCATA,
139,2017-03-11,HUO6443,162377738,ZFA160000S5125123,2,2019-12-09,639,SUCATA,
11197,2018-02-18,HXU5069,792537831,9BGRD08X03G100477,2,2019-12-09,680,DUT,
9792,2018-01-13,JWQ7356,719791286,93HEJ6640XZ307381,2,2019-12-09,722,DUT,
12274,2018-03-16,HWU4828,162791003,8AWZZZ9EZYA517920,2,2019-12-09,705,DUT,
1211,2017-04-27,HYH1823,954321740,9BFZF10A288226774,3,2019-01-09,579,DUT,
12560,2018-03-26,OIP6505,470052554,9C2JC4110CR566119,3,2019-01-09,92,SUCATA,
9361,2018-01-02,NUS8444,225592053,94J2XDCK89M036353,3,2019-01-09,4,SUCATA,
9305,2017-12-30,NUS9055,250371740,KMHDC51EABU263732,3,2019-01-09,577,DUT,
12513,2018-03-23,HVH7626,161632122,9BD146000K3448702,3,2019-01-09,539,SUCATA,
5580,2017-09-21,HWJ0228,740616293,9BWCA15X7YP129352,3,2019-01-09,564,SUCATA,
8301,2017-12-06,OCH5015,343683750,9C6KE1520B0064854,2,2019-12-09,83,DUT,
9476,2018-01-05,HVB0447,660671042,9BWZZZ377TT175611,2,2019-12-09,622,SUCATA,
11383,2018-02-22,HWA7080,711496528,9C2MD270XWR001912,2,2019-12-09,50,SUCATA,
11436,2018-02-23,NQX5361,192971778,9C6KE1260A0010812,2,2019-12-09,543,DUT,
522,2017-03-25,HWN6632,777618842,9C2MC35002R028015,2,2019-12-09,309,DUT,
744,2017-04-04,NQM8252,127611207,9C2KC08108R312563,2,2019-12-09,390,DUT,
13308,2018-04-19,OSG0252,535580487,9C2JC4110DR112576,2,2019-12-09,598,DUT,
11857,2018-03-08,HXT4502,912220392,9C6KE092060012071,2,2019-12-09,590,DUT,
11971,2018-03-10,HVG8692,849408709,9C2KC08105R843244,2,2019-12-09,538,DUT,
12143,2018-03-14,HXN1882,880197196,9C6KE092060027666,2,2019-12-09,69,SUCATA,
7492,2017-11-10,OCT7063,331840227,9C2JC4110BR757953,2,2019-12-09,607,DUT,
4706,2017-08-28,HWS9323,852016344,9C2JC30705R010829,2,2019-12-09,66,SUCATA,
5466,2017-09-18,HTZ9588,161313477,9BFBXXLBAJBL08939,2,2019-12-09,653,SUCATA,
11983,2018-03-11,HXL7485,889569320,9BD13561362022712,2,2019-12-09,691,DUT,
9157,2017-12-27,HUB3304,610280937,9BFZZZ54ZPB331311,2,2019-12-09,652,SUCATA,
4952,2017-09-03,NQO2108,164737138,9362MKFWXAB027077,2,2019-12-09,730,DUT,
8678,2017-12-15,MNT3396,761348204,9BGSC68Z01B184731,2,2019-12-09,726,DUT,
9960,2018-01-16,NQM6657,157276163,95VCA1L289M054128,2,2019-12-09,81,SUCATA,
4661,2017-08-27,NUM9201,195270657,9C2JC4110AR019855,2,2019-12-09,586,DUT,
2779,2017-06-29,NUP7867,267690592,9BGRM69X0BG210886,2,2019-12-09,696,DUT,
2721,2017-06-28,HPV3949,841955930,9BFZF10B558254458,2,2019-12-09,692,DUT,
13459,2018-04-24,NRA0285,231951752,9C2JC4110AR054768,3,2019-01-09,218,DUT,
6810,2017-10-22,HVJ8188,661356680,9C2MC270VTR000691,2,2019-12-09,30,SUCATA,
13290,2018-04-19,NQV3965,231249985,9C2JC4110AR064262,2,2019-12-09,469,DUT,
8117,2017-11-30,HWC5246,862445523,9C6KE044050088421,2,2019-12-09,72,SUCATA,
2820,2017-07-01,PMY7539,1069991780,9C2KC2200GR003769,2,2019-12-09,455,DUT,
4118,2017-08-13,HXY9246,974862622,9C2HB02108R035107,2,2019-12-09,610,DUT,
25,2017-03-04,HYQ3208,114251380,9C2JC30708R744703,2,2019-12-09,56,SUCATA,
4200,2017-08-16,HWC2426,834791005,9C2JC30104R070781,2,2019-12-09,288,DUT,
5687,2017-09-23,NQR6027,155693212,9C6KE122090073633,2,2019-12-09,200,DUT,
10107,2018-01-19,ORP7247,699850738,9C2KC1680ER494659,2,2019-12-09,208,DUT,
8271,2017-12-05,OSL5680,1019122398,9C2JC4110FR100028,2,2019-12-09,148,DUT,
11437,2018-02-23,NQM0263,133801888,9C6KE120090014031,2,2019-12-09,268,DUT,
12852,2018-04-07,OIO9390,1245038637,9C2JC4110ER800899,2,2019-12-09,227,DUT,
10598,2018-01-28,HWI5803,755998383,9C2MC27001R021917,2,2019-12-09,172,DUT,
4005,2017-08-09,NRA0983,212687409,9C2KC1610AR034208,2,2019-12-09,197,DUT,
12031,2018-03-12,OSK0513,549848371,9C2KC1670DR509488,2,2019-12-09,220,DUT,
10999,2018-02-07,NUT5482,204145775,9C6KE1220A0094023,2,2019-12-09,181,DUT,
6890,2017-10-24,NQS8242,193671808,9C2KD0520AR501188,2,2019-12-09,146,DUT,
3154,2017-07-13,HXT8702,912319160,9C2KC08307R001816,2,2019-12-09,552,DUT,
3638,2017-07-29,OIC8052,456756574,9C2KC1680CR439159,2,2019-12-09,287,DUT,
11690,2018-03-03,EJN8900,178626600,94J2XDCL78M026100,2,2019-12-09,8,SUCATA,
7739,2017-11-20,NQN5928,163905371,95VCA1C599M009003,2,2019-12-09,24,SUCATA,
1941,2017-05-28,OIE9908,487330897,95VCA6D8BBM001049,3,2019-01-09,198,SUCATA,
9716,2018-01-11,NQW3746,254288677,95VCA4L59AM005155,3,2019-01-09,259,DUT,
8249,2017-12-05,NUX8435,250902150,9C2JC4110AR066855,2,2019-12-09,171,DUT,
10449,2018-01-24,NUX3216,254627447,9C6KE1220A0144233,2,2019-12-09,427,DUT,
10649,2018-01-30,NRE6625,233171525,9C2JC4110AR693697,2,2019-12-09,567,DUT,
11345,2018-02-21,HVE7468,645135240,9BFZZZ54ZSB790344,2,2019-12-09,648,SUCATA,
8859,2017-12-19,NQX3912,194781453,9C2KC1550AR049967,3,2019-01-09,152,SUCATA,
4871,2017-08-31,HYN9344,931173663,9C2MC35007R069624,2,2019-12-09,201,DUT,
7124,2017-10-31,NQO1974,142126292,9C2KC16209R001958,2,2019-12-09,550,DUT,
12653,2018-04-01,HXZ0724,932736513,9CDNF41LJ8M095892,2,2019-12-09,61,SUCATA,
4430,2017-08-21,HWV2961,750741600,9C2JC30201R018432,2,2019-12-09,320,DUT,
8026,2017-11-28,OID0756,479015970,9C6KE1520C0113698,2,2019-12-09,342,DUT,
8000,2017-11-27,OCE7836,347819320,9C2KD0550BR052074,2,2019-12-09,192,DUT,
552,2017-03-26,NQQ9270,182611000,9C2KD04309R022574,2,2019-12-09,238,DUT,
5679,2017-09-23,NVF3736,252755839,LB4NE1041AC500157,2,2019-12-09,358,DUT,
7792,2017-11-21,NRB1343,213180243,9C2KD0530AR010088,2,2019-12-09,547,DUT,
878,2017-04-09,NVA1060,305726293,9C2JC4110BR337424,2,2019-12-09,456,DUT,
12661,2018-04-01,NQR1835,147216044,9C2KC15109R043682,2,2019-12-09,290,DUT,
12447,2018-03-22,OSE4215,592608417,9C2KC1680ER477961,2,2019-12-09,94,DUT,
5388,2017-09-15,NQY8245,232580340,9C2JC4110AR698017,2,2019-12-09,532,DUT,
3713,2017-08-01,OCN2624,337862206,9C2JC4110BR777685,3,2019-01-09,212,SUCATA,
9897,2018-01-16,HYQ0580,177749350,9BGRZ4810AG219800,2,2019-12-09,679,DUT,
9591,2018-01-07,NUS7756,258150408,9C2KC1550AR216439,2,2019-12-09,102,DUT,
1679,2017-05-18,NUU3250,306284014,9C2JC4110BR325147,2,2019-12-09,579,DUT,
6103,2017-10-03,HWP9497,980772834,9C2JC30708R208862,2,2019-12-09,260,DUT,
3382,2017-07-21,OIO8477,485144069,9C2KC1670CR604853,2,2019-12-09,281,DUT,
10468,2018-01-24,NQU6260,184139317,9C2JC4110AR549857,3,2019-01-09,296,DUT,
4705,2017-08-28,OIO7540,1155050573,9C2KC1680ER579290,3,2019-01-09,306,DUT,
2936,2017-07-04,HXT5101,797934308,9C2JC30103R146867,3,2019-01-09,46,SUCATA,
13902,2018-05-09,HVY3760,160935911,9BGTC11UJHC104886,3,2019-01-09,536,SUCATA,
4609,2017-08-25,OCE0681,316968315,9C2JC4120BR705379,3,2019-01-09,289,DUT,
8250,2017-12-05,HXM3785,889325448,9C2KC08106R930343,3,2019-01-09,140,SUCATA,
7890,2017-11-24,HTX6895,160817439,9BWZZZ30ZGP416086,3,2019-01-09,552,SUCATA,
6277,2017-10-08,JPT8936,870619713,9BGRZ48906G155860,3,2019-01-09,548,SUCATA,
3956,2017-08-08,JRD7267,950140465,9C2JC30708R035831,3,2019-01-09,230,DUT,
4096,2017-08-12,HWC6235,740048295,9C2MD2800YR008310,2,2019-12-09,169,DUT,
8889,2017-12-19,HWQ2560,708688276,9C2JC250XWR057497,2,2019-12-09,348,DUT,
1563,2017-05-12,OCJ2251,323626955,9C2KC1670BR343730,2,2019-12-09,541,DUT,
7263,2017-11-03,HYS2460,816148120,9C2JD20204R008707,2,2019-12-09,563,DUT,
6760,2017-10-21,OPZ0624,536655570,9BD195152E0482366,3,2019-01-09,510,SUCATA,
11629,2018-03-02,OSC4454,567716481,9C2JC4120ER000593,3,2019-01-09,399,DUT,
10718,2018-01-30,OSS2327,992395704,9C2KC1680ER439802,3,2019-01-09,376,DUT,
9247,2017-12-29,OCD6007,360620345,9C2JC4110BR824290,3,2019-01-09,331,DUT,
12041,2018-03-12,NUZ7467,270397000,95VGF2G2ABM004104,3,2019-01-09,120,SUCATA,
10446,2018-01-24,HXT4718,899007139,9C6KE091070022820,3,2019-01-09,160,SUCATA,
10670,2018-01-30,NQN4364,143970968,9C6KE126090004444,3,2019-01-09,369,DUT,
2047,2017-05-31,OSA1124,566348926,9C2JC4110DR113966,2,2019-12-09,391,DUT,
5512,2017-09-20,HYC9700,795939566,9C2JC30103R151148,2,2019-12-09,361,DUT,
7229,2017-11-02,OCQ3181,324576536,95VCA4M8ABM008580,3,2019-01-09,54,SUCATA,
10176,2018-01-20,HYI1791,819944670,9C2JC30104R031118,3,2019-01-09,56,SUCATA,
6023,2017-10-01,HXB9931,753341581,9C2JC30101R082823,3,2019-01-09,58,SUCATA,
6028,2017-10-01,HXU1832,914401718,9C2KC08507R041924,3,2019-01-09,59,SUCATA,
13515,2018-04-26,HXF1036,859942597,9362AKFW95B040908,3,2019-01-09,594,DUT,
7523,2017-11-11,HUL1282,617341230,9BWZZZ33ZRP007055,3,2019-01-09,562,SUCATA,
6803,2017-10-22,NUN7320,294551620,95VCA4M8ABM009110,3,2019-01-09,271,DUT,
9128,2017-12-27,NUM3442,201881756,95VCA4A5AAM000030,3,2019-01-09,88,SUCATA,
13793,2018-05-06,HYG0502,127582320,95VCA1J289M037757,3,2019-01-09,248,DUT,
11521,2018-02-26,ORV8532,537103716,8AGCN48X0DR157368,3,2019-01-09,574,DUT,
136,2017-03-11,HWP8632,801621364,9BGSB19X03B170607,3,2019-01-09,571,DUT,
11439,2018-02-23,NUN1670,288018230,9C2JC4120BR524171,3,2019-01-09,487,DUT,
13505,2018-04-26,ORT4160,1015518394,9C2KC1660ER055860,3,2019-01-09,474,DUT,
12268,2018-03-16,HXM1062,878652868,9C2KD03306R019123,3,2019-01-09,287,DUT,
6116,2017-10-04,OCL4222,329828924,9C6KE1520B0037086,3,2019-01-09,434,DUT,
9517,2018-01-05,PMF7230,1018348520,9C6KE1940F0037465,3,2019-01-09,334,DUT,
5894,2017-09-28,HXF7820,749118580,9C2JC30101R026203,3,2019-01-09,181,SUCATA,
4490,2017-08-23,OCL8770,408098147,LY4YBDNC090000027,3,2019-01-09,187,SUCATA,
1142,2017-04-24,PMU0920,1024668859,9C2HB0210FR418965,3,2019-01-09,205,SUCATA,
8749,2017-12-16,HYL0750,844620734,9BGTS69W05B179419,3,2019-01-09,544,SUCATA,
12876,2018-04-07,NUW5691,196751179,9C2JC4110AR593561,3,2019-01-09,175,SUCATA,
10126,2018-01-19,HVA3221,647692961,9BWZZZ557TB804187,3,2019-01-09,515,SUCATA,
8255,2017-12-05,HVD2491,162433964,KN2ANM8D1SK022198,3,2019-01-09,518,SUCATA,
13498,2018-04-25,HXN8110,749749849,9BWAC03X81P009970,3,2019-01-09,530,SUCATA,
12999,2018-04-11,NQQ7380,182228428,LWYPCJ9A696002350,3,2019-01-09,38,SUCATA,
7617,2017-11-16,NUN1369,279402961,95VCA4K59AM001817,3,2019-01-09,209,SUCATA,
7318,2017-11-06,HWV6091,751847356,9C2JC30101R072743,3,2019-01-09,73,SUCATA,
11468,2018-02-24,OHY0561,430161123,9C2JC4120CR536605,3,2019-01-09,428,DUT,
8480,2017-12-11,HVH5531,845641093,9C2MC35005R011579,3,2019-01-09,477,DUT,
13748,2018-05-05,NQN6141,120968517,9C2JC30708R773736,3,2019-01-09,297,DUT,
12467,2018-03-23,OSQ9841,505482541,9C2JC4110CR507844,3,2019-01-09,442,DUT,
13449,2018-04-24,HUI1432,162164238,9BGJL69TMMB041483,2,2019-12-09,655,SUCATA,
658,2017-03-31,HVE4936,676531709,9C2JC250VVR148807,2,2019-12-09,71,SUCATA,
7697,2017-11-19,HUC0584,160847389,CG125BR1430170,2,2019-12-09,58,SUCATA,
13149,2018-04-15,NUR4570,306544504,9C2KC1670BR508657,3,2019-01-09,445,DUT,
13061,2018-04-13,NQO9521,122823397,9C2JC30708R230130,3,2019-01-09,64,SUCATA,
2581,2017-06-22,OID3680,1010789446,9C2JC4110ER123310,3,2019-01-09,275,DUT,
11372,2018-02-21,HTZ8630,606627812,9BWZZZ30ZNP249961,3,2019-01-09,545,SUCATA,
1749,2017-05-22,HYL7651,949174653,9C2JC30708R126848,3,2019-01-09,294,DUT,
11004,2018-02-07,HXR0063,801455405,9C2JC30103R160522,3,2019-01-09,244,DUT,
7950,2017-11-25,NHN6482,976610515,9C2KC08108R219434,2,2019-12-09,501,DUT,
12952,2018-04-10,NQP7670,182576183,9C6KE1200A0054469,2,2019-12-09,517,DUT,
11605,2018-03-01,NUQ3250,290560560,9C2JC4130BR501608,2,2019-12-09,86,DUT,
4667,2017-08-27,HVR0085,783237022,9BWDA05X72T167872,2,2019-12-09,686,DUT,
6008,2017-10-01,OCC4654,336497148,95VGF2M2ABM012161,2,2019-12-09,67,SUCATA,
8267,2017-12-05,NVF0966,252764315,9C2JC4110AR712623,2,2019-12-09,329,DUT,
2063,2017-05-31,HWB4776,833600656,9C2KC08104R071466,2,2019-12-09,513,DUT,
4805,2017-08-30,NQQ8010,183065387,9C2KC1550AR037109,3,2019-01-09,261,DUT,
6021,2017-10-01,HVD8064,679656472,9BD178016V0304426,2,2019-12-09,674,DUT,
10966,2018-02-06,NUM2972,200983261,95VCA1C599M010035,3,2019-01-09,52,SUCATA,
5478,2017-09-19,HYU1262,959995048,9CDCF47AJ8M035934,3,2019-01-09,114,SUCATA,
8393,2017-12-08,NUV4082,205979246,9C2KC1550AR081236,3,2019-01-09,431,DUT,
12099,2018-03-13,HXN1585,889355096,9C2MC35006R038121,2,2019-12-09,188,DUT,
7349,2017-11-06,HXH8442,878217444,9C2JC30706R831495,3,2019-01-09,299,DUT,
10178,2018-01-20,HYN2580,816460922,9C2JC30104R052344,3,2019-01-09,204,SUCATA,
2599,2017-06-22,OCS4863,333164830,9C2KD0540BR112235,3,2019-01-09,320,DUT,
11384,2018-02-22,NUR2813,214931641,9C6KE121090020620,3,2019-01-09,416,DUT,
6357,2017-10-10,HUQ9811,952654270,9C6KE106080000705,2,2019-12-09,161,DUT,
6548,2017-10-14,HWX8855,147094623,9C2KC15109R047339,2,2019-12-09,165,DUT,
6403,2017-10-11,OCK1022,326207040,9C2JC4110BR443376,2,2019-12-09,620,DUT,
13848,2018-05-08,OIE6391,450809811,9C2JC4110CR315231,2,2019-12-09,230,DUT,
10016,2018-01-17,OCD1363,330498878,9C2JC4110BR718951,2,2019-12-09,278,DUT,
13783,2018-05-05,OID0636,478875258,9C6KE1520C0110805,3,2019-01-09,420,DUT,
1216,2017-04-27,NRD7029,169554406,9C2JC4120AR007393,3,2019-01-09,447,DUT,
8127,2017-11-30,HWZ6639,743005422,9C2JC3010YR157623,3,2019-01-09,154,SUCATA,
10045,2018-01-18,HXE9302,850355753,9C2KD02305R006644,2,2019-12-09,478,DUT,
5973,2017-09-30,OSO6450,1021845563,9C2KC1660FR013750,2,2019-12-09,559,DUT,
13650,2018-05-01,NVA9540,308339924,95VGF2H2ABM005786,2,2019-12-09,542,DUT,
9903,2018-01-16,OIH1735,474098699,9C2KD0550CR010409,2,2019-12-09,118,DUT,
5149,2017-09-10,HXK0456,892863439,9C2KC08106R981139,2,2019-12-09,198,DUT,
9525,2018-01-06,HXH0162,877091560,9C6KE092060016319,3,2019-01-09,134,SUCATA,
10106,2018-01-19,OIB0281,450303730,9C2KC1670CR483428,3,2019-01-09,389,DUT,
12693,2018-04-02,OCS8721,323155600,9C2KC1670BR533567,3,2019-01-09,283,DUT,
9847,2018-01-15,HXE7574,783166370,9C2JC30102R216650,2,2019-12-09,132,DUT,
5813,2017-09-27,OSA0396,598696253,9C2JC4110ER103747,2,2019-12-09,187,DUT,
13511,2018-04-26,OHZ3821,452149762,9C6KE1520C0090107,3,2019-01-09,485,DUT,
3405,2017-07-22,NQX5474,225239183,9C2KD0510AR024088,3,2019-01-09,355,DUT,
2075,2017-06-01,HVN1715,160803861,9BWZZZ30ZDP023934,3,2019-01-09,560,SUCATA,
6926,2017-10-25,NVB1360,308713486,95VCA4J8ABM007095,3,2019-01-09,314,DUT,
11251,2018-02-19,NQN7015,148453821,9C2JC41109R515639,3,2019-01-09,450,DUT,
8269,2017-12-05,MBE1146,741312280,9BD18221612013670,3,2019-01-09,556,SUCATA,
1107,2017-04-22,HYX3427,983272158,9C6KE122090002416,3,2019-01-09,489,DUT,
151,2017-03-11,HWK8637,764877054,9C2JC30101R085078,3,2019-01-09,344,DUT,
10359,2018-01-23,OCB5507,360099718,9C6KE1500B0039733,3,2019-01-09,426,DUT,
11587,2018-02-28,HYC0557,948371960,9C2JC30708R111152,3,2019-01-09,133,SUCATA,
10663,2018-01-30,ORX5727,604560060,LHJPJK309DB400362,3,2019-01-09,99,SUCATA,
8750,2017-12-16,HXU4697,991177908,9CDNF41LJ8M253193,3,2019-01-09,131,SUCATA,
12633,2018-03-29,NUS8178,273719734,95VCA4K59AM001876,3,2019-01-09,105,SUCATA,
3974,2017-08-09,HWG9918,707912466,9C2JC250WWR244485,3,2019-01-09,124,SUCATA,
11179,2018-02-17,OZA2919,1067970069,9C2KC1670FR219259,3,2019-01-09,413,DUT,
10809,2018-02-02,OSP8729,503247200,9C2JC4820CR319947,3,2019-01-09,372,DUT,
6539,2017-10-14,HXE9848,768412579,9C2PC32001R004497,3,2019-01-09,419,DUT,
13886,2018-05-09,HWG1759,842820396,9BD15802554622268,3,2019-01-09,546,SUCATA,
528,2017-03-25,NQU6359,170594157,9C2JC4110AR530515,3,2019-01-09,463,DUT,
8994,2017-12-22,IMA1529,836043030,9C2HA07105R000923,3,2019-01-09,111,SUCATA,
4180,2017-08-16,ORR3869,502507683,9C2JC4110DR710303,3,2019-01-09,491,DUT,
4288,2017-08-17,HXC1122,834367807,9BR53ZEC248566547,3,2019-01-09,572,SUCATA,
7938,2017-11-25,NRA6300,181329042,9C6KE122090083822,2,2019-12-09,355,DUT,
13655,2018-05-01,HVW7918,687772273,9C2JC250VVR228946,3,2019-01-09,96,SUCATA,
664,2017-04-01,HXZ5648,900749466,9C2JC30707R035336,3,2019-01-09,469,DUT,
9469,2018-01-04,NVC0728,273522914,9C2JC4110AR078211,3,2019-01-09,387,DUT,
12169,2018-03-15,HXC2809,746742215,9C2JC30101R019870,3,2019-01-09,138,SUCATA,
10048,2018-01-18,HYW7349,115984828,9CDNF41LJ8M256541,3,2019-01-09,135,SUCATA,
1089,2017-04-19,OCB4681,311570593,9C2JC4110BR701044,3,2019-01-09,255,DUT,
919,2017-04-10,HWA5893,733827640,9C2MD2700YR003037,3,2019-01-09,17,SUCATA,
2567,2017-06-21,OSK9688,1002875746,LHJPJK307DB400344,3,2019-01-09,18,SUCATA,
4054,2017-08-11,NUR7439,280509324,93FCMACKABM000041,3,2019-01-09,14,SUCATA,
6247,2017-10-06,NVA1150,306392003,93FCMACMABM001392,2,2019-12-09,561,DUT,
12627,2018-03-29,HVA0521,647612593,9BD146097T5680618,3,2019-01-09,531,SUCATA,
3231,2017-07-15,HUJ5335,160999790,9BD14600003102582,3,2019-01-09,535,SUCATA,
9392,2018-01-03,OIA6981,456236694,95VC01A2CCM001098,3,2019-01-09,424,DUT,
3095,2017-07-11,OIO6423,461061830,9C2NC4310CR017474,2,2019-12-09,444,DUT,
10861,2018-02-05,HPY3767,860041921,9C6KE044050119979,3,2019-01-09,177,SUCATA,
203,2017-03-14,HVH2312,651859123,9BGSC08ZTTC721540,3,2019-01-09,559,SUCATA,
8825,2017-12-18,ORT1301,508194091,9C6KE1520D0130271,2,2019-12-09,402,DUT,
13592,2018-04-28,NQL0854,139784403,95VCA1L289M053540,2,2019-12-09,245,DUT,
12676,2018-04-02,NQX9621,190608668,9BD17140LA5575369,3,2019-01-09,581,DUT,
7799,2017-11-21,HWW4381,750714247,9C2JC30101R050526,2,2019-12-09,163,DUT,
12891,2018-04-08,HYV4335,943821401,9C2HB02108R003638,2,2019-12-09,124,DUT,
9831,2018-01-14,OCR5165,343573946,93FCMACLABM001036,2,2019-12-09,407,DUT,
13034,2018-04-12,HXH2822,876983000,9C2JC30706R819824,2,2019-12-09,472,DUT,
6715,2017-10-19,OCC7710,408759992,9C2JC4120CR523852,2,2019-12-09,553,DUT,
6588,2017-10-15,HUO0644,825979161,9C2MC35004R024853,2,2019-12-09,584,DUT,
13399,2018-04-21,HXH1051,847581870,9BD15802554659367,3,2019-01-09,596,DUT,
12049,2018-03-12,HWD3708,705281590,9BFZZZGDAWB614686,3,2019-01-09,505,SUCATA,
9298,2017-12-30,HVL4608,662429974,9BD178016T0096734,3,2019-01-09,506,SUCATA,
13633,2018-05-01,OIK5229,498333450,9C2NC4310CR061748,3,2019-01-09,232,DUT,
12767,2018-04-05,HWF4499,117725676,9C2JC30708R713157,2,2019-12-09,378,DUT,
1886,2017-05-25,HYO0224,931494885,9C2HB02107R007970,2,2019-12-09,113,DUT,
12551,2018-03-26,NRD7297,175319057,9C2JC4110AR520186,2,2019-12-09,152,DUT,
167,2017-03-13,HWO7690,712440704,9C2JC250XWR099531,2,2019-12-09,45,SUCATA,
3900,2017-08-07,OSG0132,535576935,9C2JC4110DR112097,2,2019-12-09,106,DUT,
9328,2017-12-30,HXC9389,747816069,9C2HA07101R202221,2,2019-12-09,60,SUCATA,
9452,2018-01-04,NRC0752,194785203,9C2JC4120AR049238,2,2019-12-09,311,DUT,
7956,2017-11-25,HYB4634,927089505,9C2KC08107R188871,2,2019-12-09,317,DUT,
6790,2017-10-22,HWP4921,731194268,9C2MD2700YR001995,2,2019-12-09,324,DUT,
10780,2018-02-01,OCD7216,348350201,9C2KD0550BR049555,2,2019-12-09,328,DUT,
9018,2017-12-22,OIO8256,483384070,9C6KE1510C0036081,2,2019-12-09,419,DUT,
6782,2017-10-21,PMC3015,1054257695,9C2KC1660FR046783,2,2019-12-09,363,DUT,
6068,2017-10-03,HYE8442,914515322,9C2JC30707R125001,2,2019-12-09,367,DUT,
5620,2017-09-22,HXI3411,950271713,9C2JC30708R122008,2,2019-12-09,395,DUT,
9203,2017-12-28,NUR8740,306400332,9C2KD0550BR522366,2,2019-12-09,583,DUT,
5378,2017-09-15,HWK0687,766708241,9C2JC3010YR099848,2,2019-12-09,425,DUT,
4241,2017-08-17,NVF2456,250903385,9C2JC4110AR702857,2,2019-12-09,357,DUT,
6642,2017-10-18,NQZ2860,184593948,9C2KC15209R106574,2,2019-12-09,388,DUT,
6960,2017-10-26,NQS2692,127106111,95VCB1J289M014670,2,2019-12-09,82,SUCATA,
5411,2017-09-16,ORP0429,499825233,9C2JC4110DR751861,2,2019-12-09,528,DUT,
6768,2017-10-21,NUR5146,257752307,95VCA4H8ABM005295,2,2019-12-09,33,SUCATA,
3492,2017-07-25,HUB7489,161429246,CG125BR1151165,2,2019-12-09,31,SUCATA,
6175,2017-10-05,OCB1134,334084644,9C2KC1670BR556375,2,2019-12-09,481,DUT,
470,2017-03-23,HXL3842,879965762,9BD17146G62733579,2,2019-12-09,702,DUT,
13630,2018-04-30,NWC7082,345075455,93FGT650BBM000812,2,2019-12-09,581,DUT,
12655,2018-04-01,HWY5453,881895644,9C2MC35006R020617,2,2019-12-09,467,DUT,
11238,2018-02-19,NUP8104,226807223,9C2KC1610AR050908,2,2019-12-09,518,DUT,
12095,2018-03-13,HUS1782,632846232,9BFZZZ54ZSB682918,2,2019-12-09,634,SUCATA,
10542,2018-01-26,NQZ1875,146521722,9C2JC41109R056010,2,2019-12-09,571,DUT,
10207,2018-01-21,OCG3796,345547349,9C2KD0550BR051224,2,2019-12-09,477,DUT,
1475,2017-05-09,HTZ1417,980032466,9C2JC30708R662754,2,2019-12-09,417,DUT,
5981,2017-10-01,OIC4837,487186281,9C2JC4130CR009694,2,2019-12-09,587,DUT,
13153,2018-04-15,HXP8317,896074315,9C2JC30706R935733,2,2019-12-09,489,DUT,
9300,2017-12-30,HYM0818,904009653,9BWCA05W87T063563,2,2019-12-09,642,SUCATA,
7974,2017-11-26,HVZ2618,685627560,9BGSD68ZWVC627937,2,2019-12-09,706,DUT,
11035,2018-02-08,ORY0238,1004357203,9C2JC4110ER117600,2,2019-12-09,497,DUT,
13729,2018-05-04,HXQ7658,790757338,9C2JC30213R505256,2,2019-12-09,605,DUT,
13419,2018-04-23,HXN0528,790784440,9C6KE010020064403,2,2019-12-09,498,DUT,
4306,2017-08-18,HYP5400,817450513,9C6KE044040039905,3,2019-01-09,68,SUCATA,
6150,2017-10-04,HWQ3280,708724434,9C2JC250XWR059784,3,2019-01-09,193,SUCATA,
10124,2018-01-19,NRE1811,191372668,94J2XDCK89M035401,3,2019-01-09,142,SUCATA,
1601,2017-05-14,HYW4401,951309625,9C2JC30708R504321,3,2019-01-09,27,SUCATA,
5467,2017-09-18,HWV5549,744873282,9C2JC30101R000751,3,2019-01-09,28,SUCATA,
13140,2018-04-14,HUF8580,607083140,9BWZZZ30ZMT134578,2,2019-12-09,667,SUCATA,
11341,2018-02-21,OIF9164,471822981,9C2JC4110CR558062,2,2019-12-09,609,DUT,
5857,2017-09-28,PNJ5630,1074071686,9C2KC2200GR110752,3,2019-01-09,360,DUT,
88,2017-03-08,HYG5090,796747024,9C2JC30101R169945,3,2019-01-09,36,SUCATA,
12344,2018-03-19,HXB8591,774685786,9C2JC30102R144513,3,2019-01-09,50,SUCATA,
9922,2018-01-16,MZG7441,194218880,9C2KD04209R054955,3,2019-01-09,318,DUT,
10175,2018-01-20,OCI9381,321622642,9C2JC4110BR703761,3,2019-01-09,479,DUT,
912,2017-04-10,HVZ1026,746462212,9C2JC30101R012055,3,2019-01-09,29,SUCATA,
1269,2017-05-02,HXP6497,893957631,9C2MC35007R001985,3,2019-01-09,1,SUCATA,
8586,2017-12-14,NQU5670,184058112,9C2NC4320AR001008,3,2019-01-09,262,DUT,
9980,2018-01-17,OCE4330,411450174,9C2JC4110CR310865,3,2019-01-09,349,DUT,
12146,2018-03-14,NUX5240,308896971,9C2JC4110BR500868,3,2019-01-09,305,DUT,
10573,2018-01-26,HVQ9700,159982014,CG125BR2139983,3,2019-01-09,179,SUCATA,
13287,2018-04-19,HWH2310,162167750,9BWZZZ54ZMB203853,3,2019-01-09,553,SUCATA,
11348,2018-02-21,OHZ7991,430367228,9C2JC4110CR317362,3,2019-01-09,298,DUT,
10319,2018-01-22,HYQ8231,907616208,9C2KC08507R038103,3,2019-01-09,466,DUT,
7536,2017-11-12,HZA0677,116198958,9BGRZ08909G198787,2,2019-12-09,681,DUT,
13795,2018-05-06,HYW8051,118841980,9C2KC08108R352947,3,2019-01-09,62,SUCATA,
10194,2018-01-21,HXK7511,779602153,9C2JD17202R008358,3,2019-01-09,65,SUCATA,
4670,2017-08-27,NUO3841,196686679,9C2KC1550AR025818,3,2019-01-09,304,DUT,
6640,2017-10-18,HYG1421,906631432,9C2KC08107R083962,3,2019-01-09,282,DUT,
2185,2017-06-07,NQN4941,124179355,9C2JC30708R723112,3,2019-01-09,317,DUT,
5208,2017-09-12,NRD2841,191789429,9C2JC41109R547535,3,2019-01-09,417,DUT,
4073,2017-08-11,HYG1841,906577446,9C2KC08107R077519,3,2019-01-09,290,DUT,
9439,2018-01-04,NQP1201,122381017,9C2JC30708R786379,3,2019-01-09,390,DUT,
9964,2018-01-16,HVX7024,757301959,9BD18221612026482,3,2019-01-09,511,SUCATA,
12193,2018-03-15,HVV4928,161406467,9BWZZZ30ZJP212528,2,2019-12-09,669,SUCATA,
5294,2017-09-14,NQO8030,182605990,9C2NC4310AR043583,3,2019-01-09,266,DUT,
3648,2017-07-30,HWQ4690,709171927,9C2MC270XWR005135,3,2019-01-09,34,SUCATA,
1974,2017-05-30,FBE6751,456745050,9CDNF41ZJBM343089,3,2019-01-09,141,SUCATA,
5216,2017-09-12,OIF0401,451399757,9C2JC4120CR533095,3,2019-01-09,322,DUT,
6893,2017-10-24,NUM4440,291449433,9C2JC4120BR529348,3,2019-01-09,263,DUT,
8852,2017-12-19,JGM0767,859588661,93HGD17405Z124331,3,2019-01-09,578,DUT,
2654,2017-06-24,NUM4751,195127161,95VCA2H59AM006054,3,2019-01-09,82,SUCATA,
10202,2018-01-21,HYS7121,909350566,9C6KE092070092396,3,2019-01-09,79,SUCATA,
10646,2018-01-30,HUH6575,639247571,9BD146000S5532832,3,2019-01-09,567,SUCATA,
6278,2017-10-09,HVV7876,162645805,JTA53AEB1W0033830,3,2019-01-09,570,DUT,
6971,2017-10-26,HVQ7717,161467237,9BWZZZ30ZJT061040,3,2019-01-09,509,SUCATA,
3027,2017-07-08,OCM6423,334118247,95VCA4A8BBM001123,3,2019-01-09,26,SUCATA,
2650,2017-06-24,NRC3989,168886960,9C2JC4130AR000270,3,2019-01-09,16,SUCATA,
9580,2018-01-07,HVU2999,161924956,9BWZZZ23ZLP013010,2,2019-12-09,647,SUCATA,
3025,2017-07-07,NUM1650,321952570,LWYPCJ9A9B6002977,3,2019-01-09,182,SUCATA,
12892,2018-04-08,HWV7131,751810959,9C2JC30201R027739,3,2019-01-09,165,SUCATA,
1069,2017-04-18,NUP5371,197255868,9C2JC4110AR558953,3,2019-01-09,352,DUT,
4211,2017-08-16,OIG7316,480514828,9C2JC4110CR565671,3,2019-01-09,235,DUT,
10358,2018-01-23,HWW3221,949173002,9C2JC30708R112297,3,2019-01-09,279,DUT,
1112,2017-04-23,PMZ0620,1020888536,9C2KC1680FR525559,3,2019-01-09,374,DUT,
7285,2017-11-04,HWP8551,746439202,9C2JC30101R012007,3,2019-01-09,51,SUCATA,
6885,2017-10-24,HVZ3051,692191925,9C2JC250WVR075619,3,2019-01-09,118,SUCATA,
12058,2018-03-13,NUM4831,195809920,95VCA4M59AM007484,3,2019-01-09,31,SUCATA,
11204,2018-02-18,OCL6831,324106831,9C2KC1670BR528899,3,2019-01-09,471,DUT,
4518,2017-08-23,LVV3300,793343437,9C2JC30213R606949,3,2019-01-09,268,DUT,
10040,2018-01-17,HXO8010,772719780,9C2JC30102R123035,3,2019-01-09,192,SUCATA,
11735,2018-03-05,OCG6271,321616685,9C2JC4120BR705394,3,2019-01-09,412,DUT,
8412,2017-12-08,OIL4271,456063196,9C6KE1510C0029994,3,2019-01-09,302,DUT,
13513,2018-04-26,ORW0891,517916711,9C2KC1670DR017578,3,2019-01-09,475,DUT,
13579,2018-04-27,HWB7092,715967770,9BR53AEB2X5502998,3,2019-01-09,519,SUCATA,
6677,2017-10-18,MNR2391,979698375,9C6KE092080174395,3,2019-01-09,67,SUCATA,
12572,2018-03-27,OCM2876,347341810,LSYHDAAB4BK139276,3,2019-01-09,583,DUT,
10058,2018-01-18,OCG2850,416351310,9C2KC1680CR424795,3,2019-01-09,281,DUT,
10057,2018-01-18,POC8780,1074417426,9C2KC2200GR108496,3,2019-01-09,478,DUT,
4125,2017-08-13,OSG8590,1018665550,9C2JC4110ER815383,3,2019-01-09,353,DUT,
12034,2018-03-12,HXC5580,728782456,9C2JC2500YR100004,3,2019-01-09,87,SUCATA,
13221,2018-04-17,HUO3400,616285205,9BD146000P5108481,3,2019-01-09,523,SUCATA,
12330,2018-03-18,HXE0871,775079260,9C6KE013020015358,3,2019-01-09,144,SUCATA,
5845,2017-09-28,NVD6841,197395520,9C2JC4110AR020546,3,2019-01-09,386,DUT,
9230,2017-12-29,HWV4405,829661905,9C2JD20104R013724,3,2019-01-09,239,DUT,
8624,2017-12-14,NQS9907,174122489,9C2KC1610AR006539,3,2019-01-09,238,DUT,
13884,2018-05-09,HWP8309,842199209,9BWCB05X25P042865,3,2019-01-09,584,DUT,
529,2017-03-25,NQQ6833,209111240,9C6KE1220A0121839,3,2019-01-09,24,SUCATA,
2405,2017-06-14,OIG8057,480899657,9C2KC1670CR582557,3,2019-01-09,231,DUT,
6953,2017-10-25,NQR4166,253834813,9C2KC1550AR193239,2,2019-12-09,370,DUT,
9047,2017-12-23,HVF2152,650937830,9BWZZZ30ZTP022644,2,2019-12-09,665,SUCATA,
13922,2018-05-10,CSK2410,648193403,9BD146107T5688105,2,2019-12-09,633,SUCATA,
7955,2017-11-25,HUT6303,637239806,9BWZZZ33ZSP012954,2,2019-12-09,649,SUCATA,
4157,2017-08-14,NQT1235,229521150,9C6KE1220A0136793,2,2019-12-09,431,DUT,
10580,2018-01-27,HUV5502,634030418,9C2JC2501SRS34444,2,2019-12-09,314,DUT,
197,2017-03-14,HXR0683,802023509,9C6KE043030009274,2,2019-12-09,364,DUT,
11675,2018-03-03,NHZ5587,978534077,9C6KE092080229589,2,2019-12-09,438,DUT,
13723,2018-05-04,HWY7459,162786875,8AD2ANFZ9YW020534,2,2019-12-09,636,SUCATA,
11115,2018-02-13,HUA8722,608141631,9BWZZZ30ZPT004198,3,2019-01-09,547,SUCATA,
7030,2017-10-28,HWW9820,844022330,9BR53ZEC158525205,3,2019-01-09,569,DUT,
4638,2017-08-25,HWT4467,981913806,9C2JC30708R210591,3,2019-01-09,20,SUCATA,
6646,2017-10-18,HWS8690,712105239,9C2JC250XWR052960,2,2019-12-09,3,SUCATA,
13302,2018-04-19,HVZ2781,692237089,9C2JC250WWR096619,2,2019-12-09,7,SUCATA,
7786,2017-11-21,PMH4369,1028682988,9C2KD0550ER350176,2,2019-12-09,326,DUT,
4237,2017-08-17,NQM6489,170538966,9CDNF41LJ9M280347,3,2019-01-09,21,SUCATA,
11018,2018-02-07,OSL9508,1009472850,9C2KC1680ER025304,2,2019-12-09,408,DUT,
3903,2017-08-07,HXQ7477,896077519,9BD17164G72806390,2,2019-12-09,724,DUT,
1719,2017-05-20,HYS3814,959535160,9C2JC30708R134659,2,2019-12-09,87,DUT,
3161,2017-07-13,HXW9869,868976822,9C2JC30705R077934,2,2019-12-09,446,DUT,
13873,2018-05-09,OHZ8641,427673593,9C6KE1520C0084188,2,2019-12-09,466,DUT,
10357,2018-01-23,HXE0623,880798505,9C2JC30706R850096,2,2019-12-09,569,DUT,
9322,2017-12-30,HXC3450,727931695,9C2JC2500YR093992,2,2019-12-09,485,DUT,
8730,2017-12-16,OSJ3616,593376935,95VC03G2DEM001270,2,2019-12-09,529,DUT,
12249,2018-03-16,HWP3687,982253419,93YLM2M3H9J138954,2,2019-12-09,709,DUT,
4673,2017-08-27,HVG3620,160228603,CG125BR1462648,2,2019-12-09,73,SUCATA,
9554,2018-01-06,ORQ9713,542852594,9C2KC1670DR491287,2,2019-12-09,434,DUT,
12591,2018-03-27,HYD7045,937184187,9C2JC30708R034713,2,2019-12-09,385,DUT,
12235,2018-03-16,HYM5934,929359267,9C2KC08107R220795,2,2019-12-09,115,DUT,
2150,2017-06-06,HUA7214,609152408,9BWZZZ30ZPT037406,2,2019-12-09,638,SUCATA,
11627,2018-03-02,HWQ6219,162740948,8AFZZZEHCYJ117472,2,2019-12-09,723,DUT,
264,2017-03-16,ORN5435,580572609,9C2KC1680ER432013,2,2019-12-09,474,DUT,
10262,2018-01-22,OCF6866,346550386,9C2JC4120BR748776,2,2019-12-09,520,DUT,
1264,2017-05-01,HWK2536,760884870,9C2JC30101R181632,2,2019-12-09,39,SUCATA,
12890,2018-04-08,HUJ1776,620832886,9BWZZZ30ZRT080598,2,2019-12-09,664,SUCATA,
2493,2017-06-18,HXA7306,859855635,9C2KC08105R865926,2,2019-12-09,596,DUT,
3237,2017-07-15,HXO9903,920147917,9C2MC35007R045967,2,2019-12-09,108,DUT,
5504,2017-09-19,NQU7959,170617840,9C2KC16109R025944,2,2019-12-09,562,DUT,
9807,2018-01-14,JKU3138,613364775,9BD146000P5081910,2,2019-12-09,625,SUCATA,
7448,2017-11-09,OCC7118,377231975,9C2HB0210CR004348,2,2019-12-09,332,DUT,
7539,2017-11-13,HVX2900,160341663,5E15JBC162565,2,2019-12-09,624,SUCATA,
8837,2017-12-19,GPS9859,612497712,9C2ND0501PRP01026,2,2019-12-09,451,DUT,
2657,2017-06-24,HWL4634,855809060,9C2JC30705R027210,2,2019-12-09,436,DUT,
10140,2018-01-19,ORO2339,498491307,9C2KD0550DR108195,2,2019-12-09,531,DUT,
10204,2018-01-21,NUZ1272,207659540,9C2JC4110AR625322,3,2019-01-09,340,DUT,
563,2017-03-27,HVH0370,159667674,9BFCXXLB2CGM90346,3,2019-01-09,540,SUCATA,
9081,2017-12-25,HWD3331,162231326,9C2JC1801NR233636,2,2019-12-09,53,SUCATA,
9572,2018-01-07,NVB4061,200176889,9C2KC1640AR020626,2,2019-12-09,85,DUT,
12238,2018-03-16,HWR9098,744323851,9C2JC3010YR146015,2,2019-12-09,308,DUT,
8031,2017-11-28,HWQ3779,115473866,9C2JC30708R737299,2,2019-12-09,312,DUT,
12946,2018-04-10,OCD8935,340173564,9C2JC4110BR790576,2,2019-12-09,343,DUT,
12177,2018-03-15,HXQ4003,917360346,9C2JC30707R131178,2,2019-12-09,423,DUT,
8032,2017-11-28,OSC6927,994366922,9C2JC4110ER116641,2,2019-12-09,368,DUT,
8388,2017-12-08,NUP9157,267262841,9C2JC4120BR504604,2,2019-12-09,375,DUT,
11090,2018-02-09,HQE6580,895637634,9C2JC30706R932716,2,2019-12-09,383,DUT,
10329,2018-01-22,HWQ3285,831134496,9C2KC08104R070446,3,2019-01-09,167,SUCATA,
13514,2018-04-26,OCE2687,353081051,96ZNE2125BM000894,2,2019-12-09,79,SUCATA,
6570,2017-10-15,HWC3326,832493120,9C2KC08104R081819,2,2019-12-09,300,DUT,
92,2017-03-08,HXE3527,810688700,9C2JD20203R022951,3,2019-01-09,242,DUT,
5624,2017-09-22,HYG7753,921052529,9C2KD03307R038439,2,2019-12-09,107,DUT,
1388,2017-05-05,HWA9992,716811588,9C2JC2500XR169377,2,2019-12-09,16,SUCATA,
13256,2018-04-18,MXS5960,176445676,KNAFA2222R5604033,3,2019-01-09,558,SUCATA,
12211,2018-03-15,HYR3083,960794913,9C2JC30708R158008,2,2019-12-09,459,DUT,
5831,2017-09-27,NUU5313,223717010,93FWNBACAAM000591,2,2019-12-09,89,DUT,
10433,2018-01-24,NUO7512,202297349,95VCA4L59AM003848,2,2019-12-09,502,DUT,
13657,2018-05-02,NQN2292,128397403,9C2KC15309R015551,2,2019-12-09,406,DUT,
9764,2018-01-13,HYL4833,955874971,9C2JC30708R549646,2,2019-12-09,509,DUT,
1476,2017-05-09,NUW4713,210235195,9C2JC4110AR036728,2,2019-12-09,523,DUT,
12236,2018-03-16,HWL4764,856430102,9C2KC08505R822483,2,2019-12-09,512,DUT,
1165,2017-04-25,HYK6599,869638793,9BGRZ48906G149092,2,2019-12-09,715,DUT,
10352,2018-01-23,OHX1845,471599980,9C2JC4110CR577741,2,2019-12-09,448,DUT,
6016,2017-10-01,OCJ8186,350010536,9C2KC1670CR401964,2,2019-12-09,556,DUT,
11883,2018-03-08,ORO0896,594481180,9C2KD0540ER016807,2,2019-12-09,491,DUT,
9953,2018-01-16,NQM9576,154661520,9C6KE122090073649,2,2019-12-09,594,DUT,
12665,2018-04-01,NUZ5076,254552277,9C2KC1620AR059925,2,2019-12-09,494,DUT,
1786,2017-05-23,HTX9847,162041985,9BGKT08ZMMC322301,2,2019-12-09,626,SUCATA,
4848,2017-08-31,NQW3927,156988569,9C2KC15309R000166,2,2019-12-09,582,DUT,
12040,2018-03-12,OIB1978,489871844,9C2KC1670CR619578,2,2019-12-09,460,DUT,
13907,2018-05-09,HXZ2899,814698212,9C2JC30104R025615,2,2019-12-09,601,DUT,
7290,2017-11-04,HWY3137,983356637,95VCA1H289M035905,2,2019-12-09,28,SUCATA,
2860,2017-07-02,PNQ5326,1058216578,9C2KC1660FR061366,2,2019-12-09,325,DUT,
9794,2018-01-13,PNL7307,1100576875,9C2KC2500GR029608,2,2019-12-09,295,DUT,
8030,2017-11-28,OCO6542,329324004,9C2JC4110BR740023,2,2019-12-09,91,DUT,
402,2017-03-20,OSB3464,568223268,951BAKJT0DB001111,2,2019-12-09,422,DUT,
10661,2018-01-30,NUO7362,201921278,95VAC1A899M000706,3,2019-01-09,277,DUT,
12453,2018-03-22,NUP2663,208884475,9C2KC1620AR036375,3,2019-01-09,339,DUT,
691,2017-04-02,DLT1372,841262616,9C2MC35005R006073,2,2019-12-09,424,DUT,
4961,2017-09-04,OCP7930,415008395,9C2JC4110BR714137,2,2019-12-09,429,DUT,
8763,2017-12-17,NUZ2065,256119465,9CDNF41LJAM307398,3,2019-01-09,113,SUCATA,
1384,2017-05-05,HYN4287,988732874,9C6KE121090005568,3,2019-01-09,245,DUT,
5955,2017-09-30,HWR3314,886565987,9C2KD03306R028507,2,2019-12-09,299,DUT,
9825,2018-01-14,HCA3190,833391860,9BGRX08X05G107040,2,2019-12-09,713,DUT,
7343,2017-11-06,OSK3664,567041840,9C2KD0550DR224439,2,2019-12-09,372,DUT,
2367,2017-06-13,OSN9062,528494813,9C6KE1520C0105800,2,2019-12-09,457,DUT,
2850,2017-07-02,OSQ5886,595430732,9C2KC1660ER502496,2,2019-12-09,374,DUT,
5152,2017-09-11,PMM5144,1090125914,9C2KC2500GR017935,2,2019-12-09,399,DUT,
11617,2018-03-02,OCQ2790,413151140,9C6KE1520C0074870,2,2019-12-09,565,DUT,
7372,2017-11-07,NQN0312,128789573,9C2JC41109R006194,2,2019-12-09,353,DUT,
13210,2018-04-17,FQE2837,985540060,9C6KE091080069054,2,2019-12-09,304,DUT,
8630,2017-12-14,NQU1098,165676892,9C2KC15109R108778,2,2019-12-09,296,DUT,
7260,2017-11-03,HWI3826,832667110,9C2KC08204R026796,2,2019-12-09,394,DUT,
10795,2018-02-02,NUW8754,228754356,9C2KD0430AR001869,2,2019-12-09,519,DUT,
4896,2017-09-01,NUR6452,204056322,9C2KC1610AR015582,2,2019-12-09,359,DUT,
13831,2018-05-07,OHY5744,465571662,9C2JC4110CR511715,2,2019-12-09,514,DUT,
11546,2018-02-27,HUD7511,608666610,9BGTC80JPPC121188,2,2019-12-09,644,SUCATA,
10066,2018-01-18,OIA6085,472694456,9C2JC4110CR526612,2,2019-12-09,415,DUT,
8461,2017-12-10,NUV8306,254754546,9BD17164LB5691512,2,2019-12-09,714,DUT,
10068,2018-01-18,HYF1665,937226432,94J2XDCH78M021585,2,2019-12-09,29,SUCATA,
4220,2017-08-16,OSM7305,589183915,9C2KD0540ER007864,2,2019-12-09,360,DUT,
4158,2017-08-14,HXP1456,893953911,9BD25504568785561,2,2019-12-09,725,DUT,
9338,2017-12-31,NUX3207,259719803,94J2XECL89M030809,2,2019-12-09,46,SUCATA,
9341,2017-12-31,NUQ8257,265079470,9C2JC4120AR123597,2,2019-12-09,141,DUT,
9399,2018-01-03,HBK7678,830509038,9C2KC08104R072077,2,2019-12-09,507,DUT,
3336,2017-07-19,NUT5948,273463217,9C2KC1670BR322904,2,2019-12-09,405,DUT,
8878,2017-12-19,HUV9072,633797669,9BGJG69SSSB029824,2,2019-12-09,643,SUCATA,
10231,2018-01-21,HYH5839,869574752,9C2KC08106R825620,2,2019-12-09,410,DUT,
10685,2018-01-30,POC2360,1102616530,951BXKBF3GB002149,2,2019-12-09,376,DUT,
11644,2018-03-02,NUU5033,231482795,93FMRCCAAAM000118,2,2019-12-09,577,DUT,
10595,2018-01-28,HPJ8591,755664418,9BGRD08Z01G137920,2,2019-12-09,685,DUT,
2988,2017-07-06,HWN2692,777445212,9C2MC35002R026044,3,2019-01-09,39,SUCATA,
12887,2018-04-07,HXQ9567,895931478,9BFZE14P378798551,3,2019-01-09,590,DUT,
8455,2017-12-10,HWJ8282,124292003,9C2KC08108R351183,3,2019-01-09,125,SUCATA,
3581,2017-07-28,OCT8652,330223615,9C2JC4110BR752698,3,2019-01-09,444,DUT,
8628,2017-12-14,HYB8122,915219689,9C6KE092070100073,3,2019-01-09,384,DUT,
7125,2017-10-31,NVC3590,304593249,9C6KE1520B0026691,3,2019-01-09,311,DUT,
4009,2017-08-09,HXB5510,773336710,9C2JC30101R301557,3,2019-01-09,202,SUCATA,
8797,2017-12-18,HYE1551,875317510,9C2KD03306R014081,3,2019-01-09,75,SUCATA,
7356,2017-11-06,HYM5114,930536592,9C2KD03107R802508,3,2019-01-09,325,DUT,
7282,2017-11-04,HXM4925,889786100,9C2JC30706R909773,3,2019-01-09,149,SUCATA,
2181,2017-06-06,OIF0185,473212560,9C6KE1520C0107061,3,2019-01-09,368,DUT,
11926,2018-03-09,OSN5545,589831240,9C2KD0540ER009901,3,2019-01-09,503,DUT,
2289,2017-06-09,HXQ1426,970208162,9C2JC30708R625033,3,2019-01-09,130,SUCATA,
13439,2018-04-23,OCD6926,347805795,9C2KD0550BR036337,3,2019-01-09,327,DUT,
9342,2017-12-31,OCP9866,349541191,9C2KC1670BR630535,3,2019-01-09,418,DUT,
8721,2017-12-16,NUQ9254,227578686,9C2JC4110AR037875,2,2019-12-09,618,DUT,
2391,2017-06-14,OIK9577,487833708,9C2KC1670CR613003,3,2019-01-09,404,DUT,
6596,2017-10-16,HVU0477,162650825,8AWZZZ377WA108917,3,2019-01-09,516,SUCATA,
1262,2017-05-01,HWJ1227,764241125,9C2MC35002R007056,3,2019-01-09,162,SUCATA,
12301,2018-03-17,HYE6838,903776383,9C2KD03307R013224,3,2019-01-09,213,SUCATA,
6793,2017-10-22,HWY6438,838171451,9C2KC08205R005275,3,2019-01-09,102,SUCATA,
11476,2018-02-25,ORY1158,1004737286,9C2JC4110ER711524,3,2019-01-09,414,DUT,
10233,2018-01-21,HVB0259,626414563,9C2JC2501RRS15301,3,2019-01-09,129,SUCATA,
5852,2017-09-28,HVH1049,661906728,9C2JC250VTR026318,3,2019-01-09,448,DUT,
11872,2018-03-08,PNH4029,1102197642,9C2KC2500HR010541,3,2019-01-09,223,DUT,
13792,2018-05-06,HUQ8368,160298075,CB400BR2049602,2,2019-12-09,508,DUT,
523,2017-03-25,HYP1377,990562310,9C2JC30708R224911,2,2019-12-09,104,DUT,
13188,2018-04-16,NQY9632,195120841,9C2NC4310AR057976,2,2019-12-09,585,DUT,
13749,2018-05-05,NQV3553,210499613,9CDNF41LJ9M299785,2,2019-12-09,461,DUT,
13146,2018-04-14,OCL4235,343669544,9C2JC4110BR791878,2,2019-12-09,602,DUT,
5124,2017-09-09,HUV9090,178314960,9C6KE1200A0048770,3,2019-01-09,270,DUT,
13638,2018-05-01,HXM9904,806100770,9C2JC30103R263158,3,2019-01-09,61,SUCATA,
9765,2018-01-13,OID2162,457189185,9C2JC4110CR490879,3,2019-01-09,388,DUT,
5948,2017-09-29,HYO0182,915948974,9C2JC30707R094458,3,2019-01-09,394,DUT,
39,2017-03-05,PMY2800,1065104461,9C2KF1710ER116826,3,2019-01-09,422,DUT,
1064,2017-04-18,HWN0951,713243112,9BWZZZ373XP027009,3,2019-01-09,568,SUCATA,
2307,2017-06-10,HXM2301,773953256,9C6KE026020002394,3,2019-01-09,196,SUCATA,
9789,2018-01-13,HUI8981,616379625,9BWZZZ32ZRP002793,3,2019-01-09,551,SUCATA,
4598,2017-08-25,OHX6111,429962860,9C2JC4110CR463478,3,2019-01-09,348,DUT,
8428,2017-12-09,HYI6503,922180903,9C2KD03107R019931,3,2019-01-09,80,SUCATA,
3555,2017-07-27,HWK6091,948721120,9C2MC35008R026141,3,2019-01-09,307,DUT,
554,2017-03-26,HWU8833,129949086,9C2JC41109R027160,3,2019-01-09,397,DUT,
10949,2018-02-06,OCL3844,339589590,9C2JC4110BR783604,3,2019-01-09,136,SUCATA,
1396,2017-05-06,OST6944,567345483,9C6KE1560D0026814,3,2019-01-09,382,DUT,
1500,2017-05-10,OHY2544,466097271,9C2JC4820CR288403,3,2019-01-09,449,DUT,
13405,2018-04-21,PMW6654,1120351020,9C2KC2500HR047840,3,2019-01-09,226,DUT,
7126,2017-10-31,HVU5674,783054440,9C2MC35002R032528,3,2019-01-09,429,DUT,
11101,2018-02-10,KJN3354,889097607,9C2JC30706R901358,3,2019-01-09,441,DUT,
9905,2018-01-16,NUV5015,241715652,LWYPCJ9A596001822,3,2019-01-09,143,SUCATA,
13461,2018-04-24,HWQ2725,830525130,9C2KD02304R010407,3,2019-01-09,89,SUCATA,
2403,2017-06-14,HWO0346,762981938,9C2JD17201R015890,3,2019-01-09,110,SUCATA,
7607,2017-11-16,PNC3867,1059918207,9C2KC1680FR211211,3,2019-01-09,373,DUT,
11841,2018-03-08,HWV6698,863856179,9C2KC08305R803134,3,2019-01-09,128,SUCATA,
5440,2017-09-18,EHB7878,991353730,9C6KE106090003529,3,2019-01-09,221,DUT,
7025,2017-10-28,OCC7008,376100168,9C2JC4110CR300212,3,2019-01-09,457,DUT,
6611,2017-10-16,OCG5729,405605226,9C2KC1670CR454397,3,2019-01-09,456,DUT,
7856,2017-11-23,OCO7349,407766952,9C2JC4110CR464632,3,2019-01-09,215,DUT,
4923,2017-09-02,HWZ6890,728978423,93FGF125WW1100088,3,2019-01-09,2,SUCATA,
5884,2017-09-28,NHH3112,939327422,9C6KE092080146357,3,2019-01-09,12,SUCATA,
6184,2017-10-05,HTX9099,176029249,9BD146000J3340391,2,2019-12-09,672,SUCATA,
5508,2017-09-19,HVY9162,731207513,9BGSC08Z0YC151897,2,2019-12-09,683,DUT,
8642,2017-12-14,HUF4229,612830233,9BGTB11UPPC140165,2,2019-12-09,651,SUCATA,
6497,2017-10-13,HYD8812,913202711,9C2KC08107R130619,2,2019-12-09,216,DUT,
451,2017-03-22,ORT7039,502275685,9362NKFWXDB015100,2,2019-12-09,729,DUT,
12805,2018-04-05,ORU9401,509062946,9C2JC4120DR516129,3,2019-01-09,481,DUT,
6531,2017-10-14,HWR7842,802018823,9C6KE043030007930,3,2019-01-09,156,SUCATA,
1458,2017-05-09,NUU3511,198478879,95VCA4K59AM002401,3,2019-01-09,84,SUCATA,
3647,2017-07-30,HWC3312,731117255,9C2JC3010YR007389,3,2019-01-09,106,SUCATA,
10491,2018-01-25,OIE3612,458021296,9C6KE1520C0087744,3,2019-01-09,330,DUT,
7149,2017-10-31,HXT5460,771481535,9C2MC35002R010800,3,2019-01-09,200,SUCATA,
11215,2018-02-19,HUT9131,634150685,9C2MD2701SRS00709,3,2019-01-09,86,SUCATA,
10010,2018-01-17,NUV2131,199079692,9C2JC4110AR023696,3,2019-01-09,392,DUT,
7228,2017-11-02,NUV1951,199071012,9C2KC1550AR018106,3,2019-01-09,300,DUT,
9534,2018-01-06,HXH8301,847424545,9C2KC08505R814224,3,2019-01-09,391,DUT,
3966,2017-08-08,HXH2733,917541600,9C2JA04107R025503,3,2019-01-09,295,DUT,
13110,2018-04-14,NUM8304,225101262,9C2JC4110AR055828,3,2019-01-09,433,DUT,
125,2017-03-10,HVS6115,721206131,9C2JA0100XR930587,3,2019-01-09,101,SUCATA,
8014,2017-11-27,NQR5385,230182984,9C2JC4110AR690027,3,2019-01-09,137,SUCATA,
9546,2018-01-06,OSC5645,590558528,9C2JC4110ER102219,3,2019-01-09,333,DUT,
8369,2017-12-07,PNE4476,1058603415,9C2KC1680FR310180,3,2019-01-09,401,DUT,
7976,2017-11-26,HYI9096,979711045,9C2KC08108R264820,3,2019-01-09,364,DUT,
7166,2017-10-31,OSH9616,596423217,9C2KC1680ER433087,3,2019-01-09,423,DUT,
9839,2018-01-14,ORW7267,994979037,9C2KD0550DR227760,3,2019-01-09,377,DUT,
294,2017-03-17,PMY3567,1040613621,9C2JC4110FR108734,3,2019-01-09,446,DUT,
2736,2017-06-28,HXM3647,984556184,95VCB1H589M009260,3,2019-01-09,400,DUT,
7148,2017-10-31,HWY6077,982903103,9C2KC08108R288937,3,2019-01-09,365,DUT,
9210,2017-12-28,HWK9797,154952974,9C2KC16209R010737,3,2019-01-09,383,DUT,
10581,2018-01-27,HWJ0297,764321501,9C2JC30101R176290,3,2019-01-09,159,SUCATA,
12435,2018-03-22,HUY6107,836055047,9C2KC08104R093654,3,2019-01-09,77,SUCATA,
9586,2018-01-07,NRA3288,172564026,LXYPCML0490290733,3,2019-01-09,208,SUCATA,
9581,2018-01-07,NUM3539,279895739,9C2KC1680BR315507,3,2019-01-09,380,DUT,
9249,2017-12-29,OSB2379,513842802,9C6KE1520D0132085,3,2019-01-09,435,DUT,
7017,2017-10-27,HXQ4268,789710242,9C2MC35003R000340,3,2019-01-09,343,DUT,
3144,2017-07-12,HXZ8219,816670897,9C2JC30104R055639,3,2019-01-09,405,DUT,
13562,2018-04-27,HXM7429,770966373,9C2JC30102R115784,3,2019-01-09,95,SUCATA,
8052,2017-11-28,OCT8849,392831180,9C2KC1670CR446515,3,2019-01-09,214,DUT,
4946,2017-09-03,OIL1154,468707816,LAAAXKJE5B0000161,3,2019-01-09,19,SUCATA,
3406,2017-07-22,OCJ7914,334485991,96ZNE2125BM000452,2,2019-12-09,241,DUT,
5939,2017-09-29,NQU0566,253741084,9BWAA05U1BT100905,2,2019-12-09,694,DUT,
3633,2017-07-29,NQV1059,172167841,9BD17140MA5541587,2,2019-12-09,682,DUT,
2431,2017-06-15,NQN6451,122813880,9C2KC15309R006285,2,2019-12-09,249,DUT,
9233,2017-12-29,HWQ5190,709814429,9C2JD170XWR004850,2,2019-12-09,13,SUCATA,
4704,2017-08-28,HVM1731,669448303,9C2JC250TTR009110,3,2019-01-09,55,SUCATA,
4117,2017-08-13,HXO5362,881850233,9C2KC08106R891343,3,2019-01-09,288,DUT,
12684,2018-04-02,HYP5440,816980497,9C6KE044040039903,3,2019-01-09,71,SUCATA,
7744,2017-11-20,HYV6160,818728868,9C2JC30103R277179,3,2019-01-09,190,SUCATA,
4113,2017-08-12,HXJ8530,749880465,9C2JC30101R054939,3,2019-01-09,74,SUCATA,
1415,2017-05-08,PMP8900,1010310108,LHJYJK065C0300153,3,2019-01-09,85,SUCATA,
8865,2017-12-19,NQU5911,191235075,9C2JC4110AR528900,3,2019-01-09,48,SUCATA,
5153,2017-09-11,HXL9411,773525270,9C2JD17202R006400,3,2019-01-09,169,SUCATA,
10826,2018-02-02,LWN2571,697930793,8AP146028V8803126,3,2019-01-09,561,SUCATA,
11193,2018-02-18,EJP3401,325118949,9C6KE1220A0125370,3,2019-01-09,293,DUT,
7905,2017-11-24,HXE2304,781727731,9C2JC30102R206484,3,2019-01-09,174,SUCATA,
10444,2018-01-24,ORS2304,558336744,9C2HB0210DR017085,3,2019-01-09,425,DUT,
4336,2017-08-20,NUT5265,253182441,9C6KE1510B0001307,3,2019-01-09,403,DUT,
12550,2018-03-26,NUX8785,250497212,9C2JC4110AR695949,3,2019-01-09,335,DUT,
9308,2017-12-30,HXX0836,973516232,9C2JC30708R649392,3,2019-01-09,132,SUCATA,
10481,2018-01-25,OCF8937,356044386,93FSMDCBBBM001737,3,2019-01-09,253,DUT,
1298,2017-05-03,NQN8587,163854050,9BFZF54P998454309,3,2019-01-09,597,DUT,
11171,2018-02-16,NQW0637,174623011,9C2KD04309R021772,3,2019-01-09,438,DUT,
13478,2018-04-24,HXT5237,932630774,9C2JC30708R002433,3,2019-01-09,459,DUT,
5584,2017-09-21,HWJ8018,741117703,9C2JD1700YR022594,3,2019-01-09,195,SUCATA,
12942,2018-04-10,HUR9858,162003870,9BGJK69TLLB070906,3,2019-01-09,524,SUCATA,
11770,2018-03-06,PMM2218,1030222069,93FCMACFBBM009766,3,2019-01-09,98,SUCATA,
6485,2017-10-13,HXI0628,767437438,9C2JC30101R194803,3,2019-01-09,430,DUT,
3506,2017-07-26,HXC3177,788494473,9C2HA07003R001828,2,2019-12-09,156,DUT,
2597,2017-06-22,NHD4805,916902102,9C6KE092070102813,2,2019-12-09,266,DUT,
10869,2018-02-05,PNC7547,1060323912,9C2KC1670FR535751,2,2019-12-09,237,DUT,
11809,2018-03-07,HYR7350,817395725,9BD15802544524599,2,2019-12-09,678,DUT,
866,2017-04-08,HXZ7905,936765860,9C6KE092080150961,2,2019-12-09,537,DUT,
10699,2018-01-30,HYJ9666,969740107,9C2JC30708R575991,2,2019-12-09,589,DUT,
4608,2017-08-25,HYL4456,980095581,95VCA1G288M023542,2,2019-12-09,12,SUCATA,
4968,2017-09-04,HWA7150,711353905,9C2JD170XWR006163,2,2019-12-09,70,SUCATA,
8439,2017-12-09,HXY0790,771807147,9C2JC30102R109351,2,2019-12-09,239,DUT,
7371,2017-11-07,NQR0931,123801702,9C2JC41209R000094,2,2019-12-09,283,DUT,
12659,2018-04-01,OCJ4971,312994281,9C2KC1660BR505628,2,2019-12-09,224,DUT,
1912,2017-05-26,OIH5973,460671715,9C2NC4310CR033679,2,2019-12-09,284,DUT,
8422,2017-12-08,OHY0012,454044518,9C6KE1520C0090408,2,2019-12-09,212,DUT,
3976,2017-08-09,ORN9082,528068261,9C2JC4120DR532880,2,2019-12-09,286,DUT,
12202,2018-03-15,NQU6720,184148316,9C2ND0910AR012952,3,2019-01-09,267,DUT,
13316,2018-04-19,OCN0361,322854318,9BWAA05W5BP061391,3,2019-01-09,587,DUT,
6816,2017-10-23,HXH4605,806683244,9BGRD48X03G185649,3,2019-01-09,586,DUT,
10441,2018-01-24,OCI6432,327859130,9C2KD0550BR018730,3,2019-01-09,464,DUT,
11939,2018-03-09,OCN9591,323454518,9C2JC4110BR336028,3,2019-01-09,274,DUT,
7020,2017-10-27,HYZ4381,119192071,9C2HB02109R007888,3,2019-01-09,309,DUT,
13085,2018-04-13,NQT9263,210401877,9C6KE1220A0120627,3,2019-01-09,319,DUT,
2594,2017-06-22,NQU6773,210189886,9C2KC1550AR102654,3,2019-01-09,313,DUT,
1249,2017-04-29,NQM2443,134454472,9C2JC41209R024242,3,2019-01-09,347,DUT,
9655,2018-01-09,OSV2975,581723414,96ZNE3125BM000882,3,2019-01-09,178,SUCATA,
10134,2018-01-19,HYL1805,939035170,9C2ND07007R013603,3,2019-01-09,191,SUCATA,
1160,2017-04-25,HYN6835,971661812,9C6KE092080214203,3,2019-01-09,332,DUT,
9111,2017-12-26,NUP3175,228994381,9C2KD0520AR061251,3,2019-01-09,453,DUT,
6269,2017-10-07,OSC2425,580626229,9C2KC1660DR537831,3,2019-01-09,421,DUT,
6533,2017-10-14,HXQ2746,948176148,9CDNF41AJ8M049301,3,2019-01-09,122,SUCATA,
13104,2018-04-14,OCJ6376,348157703,9C2JC4110CR300211,3,2019-01-09,490,DUT,
4433,2017-08-21,PNA0486,1049819699,9C2JC4110FR112971,3,2019-01-09,375,DUT,
13044,2018-04-12,PML5697,1040858632,9C2KC1680FR569060,3,2019-01-09,328,DUT,
12014,2018-03-12,NQQ7747,158460901,9C2JC41209R072416,3,2019-01-09,367,DUT,
12727,2018-04-03,HYB2797,898159083,9C2JC30707R006638,3,2019-01-09,93,SUCATA,
11946,2018-03-10,HYT1987,991444809,95VCA1J289M040371,3,2019-01-09,158,SUCATA,
8368,2017-12-07,HOT1858,622591690,9BFZZZ55ZRB904709,3,2019-01-09,529,SUCATA,
12387,2018-03-20,HVS0669,159707978,9BGTE11UHGC100439,3,2019-01-09,538,SUCATA,
2059,2017-05-31,OCJ5939,419463534,95VGF3K2BCM008321,3,2019-01-09,493,DUT,
8881,2017-12-19,HWV8458,111267935,9C2JC30708R228366,3,2019-01-09,3,SUCATA,
979,2017-04-13,HVU0199,161577911,9C2JD0801JR400426,3,2019-01-09,30,SUCATA,
4719,2017-08-28,HWQ5825,833520059,9C6KE038040016134,3,2019-01-09,72,SUCATA,
7039,2017-10-28,HXY5577,991067827,9C2JC30708R239536,2,2019-12-09,274,DUT,
6441,2017-10-12,OCN1964,340534842,9BWAA05U7CP056760,2,2019-12-09,711,DUT,
4197,2017-08-16,OCG2193,331856565,9BWAA05Z5C4014813,2,2019-12-09,695,DUT,
13818,2018-05-07,HUI6619,159524938,9BFCXXLB2CFM34931,2,2019-12-09,631,SUCATA,
7510,2017-11-11,HUF0221,162160402,9BFZZZ54ZMB136961,2,2019-12-09,650,SUCATA,
11023,2018-02-08,HVH3412,652403280,9BGMG69RTTB020547,3,2019-01-09,549,SUCATA,
13629,2018-04-30,NQL5764,142773662,9BFZF54P898415713,3,2019-01-09,576,DUT,
12317,2018-03-17,JTT8011,729699153,9BD278012Y2726816,3,2019-01-09,566,SUCATA,
6410,2017-10-11,HYA8524,927528010,9C2HB02107R056481,3,2019-01-09,180,SUCATA,
13523,2018-04-26,HYN3364,930345967,9C6KE090070018851,3,2019-01-09,346,DUT,
4166,2017-08-15,HWL6016,762631457,9BFBSZFDA1B366854,3,2019-01-09,563,SUCATA,
8027,2017-11-28,PNG0638,1066611120,9C2KC2200GR103018,3,2019-01-09,362,DUT,
8771,2017-12-18,HXZ3569,815596707,9C2MC35003R112829,3,2019-01-09,163,SUCATA,
256,2017-03-16,NVD6722,206784295,9C2JC4110AR609807,2,2019-12-09,121,DUT,
13806,2018-05-07,OSK8427,996888934,9C2JC4160ER020172,2,2019-12-09,195,DUT,
3532,2017-07-26,NVB1943,207845972,9C2ND0920AR000904,2,2019-12-09,614,DUT,
11364,2018-02-21,NUY7346,283406968,LWYPCJ9A396001981,2,2019-12-09,199,DUT,
12134,2018-03-14,NVA3587,270690115,9C2JC4120BR508511,2,2019-12-09,140,DUT,
11526,2018-02-27,NQO7065,150706308,9CDNF41LJ9M274872,2,2019-12-09,19,SUCATA,
5079,2017-09-07,HUU9768,840031076,9C2KC08504R028261,2,2019-12-09,179,DUT,
9890,2018-01-15,OCT7281,309391989,9C2JC4110BR500297,2,2019-12-09,99,DUT,
10128,2018-01-19,OCM9362,326860878,9C6KE1220A0103716,2,2019-12-09,136,DUT,
4748,2017-08-28,HWR4566,785800557,9C2MC35002R042034,2,2019-12-09,137,DUT,
12984,2018-04-11,HUU6448,837364108,9C2KC08105R016149,2,2019-12-09,207,DUT,
8341,2017-12-07,HWL1212,162702949,8A1B64FTZWS008676,2,2019-12-09,654,SUCATA,
7867,2017-11-24,ORP5021,505976927,9C2JC4110DR106068,2,2019-12-09,534,DUT,
11754,2018-03-06,NUX7021,195432134,9C2JC4120AR052077,2,2019-12-09,546,DUT,
11277,2018-02-20,HXM6602,880284153,9C6KE091060008382,2,2019-12-09,155,DUT,
12203,2018-03-15,HYX0972,126139105,9C2JC41209R006924,2,2019-12-09,551,DUT,
12656,2018-04-01,OCG0174,336596855,9C2JC4110BR771792,2,2019-12-09,595,DUT,
7485,2017-11-10,NRC4624,225401878,9C2KD0520AR060732,2,2019-12-09,544,DUT,
11313,2018-02-20,OSC5156,602774969,9C2JD2320DR004058,2,2019-12-09,167,DUT,
8082,2017-11-29,HYR0326,973098503,9C2KC08508R080690,2,2019-12-09,289,DUT,
12230,2018-03-15,OEV6170,372266843,9C2KD0550BR053789,2,2019-12-09,226,DUT,
6766,2017-10-21,HUP4831,617525692,9C2MD2701PRR00062,2,2019-12-09,293,DUT,
11334,2018-02-21,HVU1030,688333532,9C2JC250WVR012468,2,2019-12-09,255,DUT,
7444,2017-11-09,NQT1335,229750915,9C6KE1200A0069679,2,2019-12-09,600,DUT,
13620,2018-04-30,NUN2682,202198707,9C2NC4310AR059221,2,2019-12-09,147,DUT,
9108,2017-12-26,HYR6531,950408514,9BWKA05Z384116199,3,2019-01-09,580,DUT,
3657,2017-07-30,HWM4686,762859334,9BWCA05X01P120377,3,2019-01-09,565,SUCATA,
12348,2018-03-20,HVS6026,700466916,9BWZZZ377WP559608,3,2019-01-09,513,SUCATA,
13648,2018-05-01,PNF3967,1062824285,9C2KC1670FR538256,3,2019-01-09,227,DUT,
13822,2018-05-07,HVW1107,162656742,8AFZZZEDAWJ043087,3,2019-01-09,534,SUCATA,
4594,2017-08-25,HWM6838,725307927,9C2JC2500YR051467,3,2019-01-09,153,SUCATA,
1558,2017-05-12,PNC2448,1064353220,9C2KC2210GR004752,3,2019-01-09,354,DUT,
2321,2017-06-10,HWC5469,706842421,9C2JC250XWR035876,3,2019-01-09,104,SUCATA,
11289,2018-02-20,PMQ1759,1024653096,LXYTCKP09F1000005,3,2019-01-09,439,DUT,
4595,2017-08-25,OIL1227,484037935,9C6KE1520C0117098,3,2019-01-09,8,SUCATA,
10243,2018-01-21,NUR4510,306540401,9C2JC4110BR443493,2,2019-12-09,257,DUT,
10678,2018-01-30,OHX5411,425310426,9C2JC4110CR446889,2,2019-12-09,210,DUT,
9676,2018-01-10,HWV4025,829117067,9C2KC08204R020724,2,2019-12-09,117,DUT,
1707,2017-05-19,OCK0854,336711239,96ZNE1125BM001271,2,2019-12-09,539,DUT,
13865,2018-05-08,OCB2655,339261170,9C6KE1510B0019176,2,2019-12-09,223,DUT,
9917,2018-01-16,OIF2091,450989062,9C2KC1670CR488432,2,2019-12-09,92,DUT,
6571,2017-10-15,ORP6726,593978005,9C2KC1680ER470131,2,2019-12-09,203,DUT,
9509,2018-01-05,HYG8586,978339673,9C2JC30708R178904,2,2019-12-09,131,DUT,
12083,2018-03-13,NUV2172,205692370,9C2NC4310AR035105,2,2019-12-09,621,DUT,
13794,2018-05-06,MZJ7861,195869907,9C2JC4110AR584824,2,2019-12-09,110,DUT,
12363,2018-03-20,NQS2416,254196322,9C2KD0520AR087607,2,2019-12-09,259,DUT,
10025,2018-01-17,HWR3076,785844350,9C2JC30103R000260,2,2019-12-09,174,DUT,
6726,2017-10-20,PMC5146,1045628473,9C2JC4110FR806553,2,2019-12-09,209,DUT,
3020,2017-07-07,ORW8657,599705680,LHJYJK068C0300244,2,2019-12-09,35,SUCATA,
8979,2017-12-21,NQR3321,123661307,9C2MC35008R119006,2,2019-12-09,242,DUT,
6826,2017-10-23,HVX9982,124551904,95VCA1K889M045244,2,2019-12-09,65,SUCATA,
10083,2018-01-18,HYL2260,843997648,9C2KC08105R035484,2,2019-12-09,191,DUT,
8588,2017-12-14,NUS1493,213061333,9C2JC4110AR619244,2,2019-12-09,264,DUT,
13482,2018-04-24,HWA2483,733017177,9C2JC3010YR042924,2,2019-12-09,142,DUT,
13531,2018-04-26,OIB9870,1011746082,9C2JC4110ER800932,2,2019-12-09,253,DUT,
8835,2017-12-19,HWC1592,731955943,9C2HA0710YR220983,2,2019-12-09,49,SUCATA,
63,2017-03-07,NUM8923,215969430,LWYPCKC06A6080847,2,2019-12-09,1,SUCATA,
9531,2018-01-06,HXO8994,805433929,9C2MC35003R124691,2,2019-12-09,549,DUT,
9178,2017-12-28,HYZ8135,947030948,9BGRZ08908G218185,3,2019-01-09,582,DUT,
3335,2017-07-19,OCE9196,345629345,93FCRECEBBM003548,3,2019-01-09,10,SUCATA,
10781,2018-02-01,NVE5256,250932873,9C2KC1550AR141688,2,2019-12-09,77,SUCATA,
9836,2018-01-14,HYF9562,126532605,95VCA1J289M038833,2,2019-12-09,43,SUCATA,
12267,2018-03-16,HWA6640,711332444,9C2JC250XWR103124,2,2019-12-09,62,SUCATA,
1806,2017-05-23,HWZ6209,742553434,9C2JC3010YR144994,3,2019-01-09,247,DUT,
7979,2017-11-26,OCL5058,390339393,9C2JC4110CR304183,3,2019-01-09,460,DUT,
909,2017-04-10,OSD6149,505123312,9C2KC1670DR428279,3,2019-01-09,408,DUT,
11467,2018-02-24,HXS1948,811977200,9C2JC30204R005900,2,2019-12-09,315,DUT,
8492,2017-12-11,NVA5613,216567033,9C6KE1260A0013945,2,2019-12-09,189,DUT,
13483,2018-04-25,HYP2957,989586189,9C2JC30708R691402,2,2019-12-09,256,DUT,
3142,2017-07-12,NIX3044,326194711,9C6KE1440B0019541,3,2019-01-09,229,DUT,
7397,2017-11-08,HWO5277,862571588,9C2JC30705R063264,2,2019-12-09,454,DUT,
13740,2018-05-04,OCD9872,326522662,9C2JC4110BR733040,2,2019-12-09,465,DUT,
11159,2018-02-16,HWQ7676,151663548,9C2JC41109R523349,2,2019-12-09,381,DUT,
12234,2018-03-16,NRB8043,209260904,9C2JC4120AR054709,2,2019-12-09,533,DUT,
9949,2018-01-16,ORQ2095,577110420,9C2KC1680ER418404,2,2019-12-09,157,DUT,
11485,2018-02-25,HVS1927,702549100,9BGSC08ZXWB601851,2,2019-12-09,728,DUT,
7150,2017-10-31,HWK4127,765582716,9C2JC30101R181265,2,2019-12-09,371,DUT,
7934,2017-11-25,OCH8112,328779458,9CDCF4FAJCM101158,2,2019-12-09,68,SUCATA,
10820,2018-02-02,OSD7645,591116804,9C6KE1950E0014333,2,2019-12-09,310,DUT,
11640,2018-03-02,HYC5166,976217384,9C2JC30708R637873,2,2019-12-09,570,DUT,
11160,2018-02-16,NUR6991,197903738,9C2JC4110AR562913,2,2019-12-09,330,DUT,
2073,2017-05-31,HWH4262,753458780,9C2JC30101R096958,2,2019-12-09,462,DUT,
6554,2017-10-14,NUM4671,196654165,9BWAA05ZXA4122096,2,2019-12-09,703,DUT,
9238,2017-12-29,HUM1696,636707970,9C2JA0101SRS82857,2,2019-12-09,40,SUCATA,
10268,2018-01-22,MXT5156,933698968,9C6KE092070133803,2,2019-12-09,20,SUCATA,
4397,2017-08-21,NQL0277,155852990,9C6KE122090063472,2,2019-12-09,150,DUT,
12106,2018-03-13,OSS7298,1004676848,9C2KD0550ER205822,2,2019-12-09,129,DUT,
10492,2018-01-25,NQV0318,173321569,9CDNF41LC9M001307,2,2019-12-09,458,DUT,
7493,2017-11-10,ORO3438,998727539,9C2KD0540ER016109,2,2019-12-09,473,DUT,
12752,2018-04-04,NQS5088,164428224,9C6KE122090077387,2,2019-12-09,554,DUT,
998,2017-04-15,OHX1385,470577649,9C2KD0560CR508115,2,2019-12-09,545,DUT,
1186,2017-04-26,NUU9336,251641341,LB4NE1041AC500097,2,2019-12-09,52,SUCATA,
6801,2017-10-22,HWY5877,983124906,9C2JC30708R706427,2,2019-12-09,15,SUCATA,
10503,2018-01-25,OIH6250,1025029400,9C2KC1680ER558428,2,2019-12-09,540,DUT,
2739,2017-06-28,HYC7620,796119074,9C6KE042030003302,2,2019-12-09,10,SUCATA,
10506,2018-01-25,HXM9994,806101423,9C2JC30213R646734,2,2019-12-09,285,DUT,
5002,2017-09-05,OCM7160,416255132,9C6KE1520C0092118,2,2019-12-09,336,DUT,
6010,2017-10-01,OCQ2761,323049907,9C2NC4310BR109435,2,2019-12-09,476,DUT,
9763,2018-01-13,OCC8330,409486566,9C2JC4110CR449705,2,2019-12-09,506,DUT,
6325,2017-10-10,OCQ6414,338636978,9C6KE1520B0055919,2,2019-12-09,120,DUT,
6786,2017-10-22,HYL4533,957117183,9C2MC35008R050723,2,2019-12-09,38,SUCATA,
4209,2017-08-16,NUQ7842,207037485,9CDNF41LJ9M318608,2,2019-12-09,271,DUT,
2384,2017-06-14,HWO6747,862576113,9C2JC30705R067506,2,2019-12-09,443,DUT,
6683,2017-10-19,HYP2640,816345562,9C6KE044040033953,3,2019-01-09,83,SUCATA,
12660,2018-04-01,NQN2671,122768760,9C6KE122090026679,3,2019-01-09,482,DUT,
9958,2018-01-16,HWZ2834,924125446,9C2KC08307R005923,3,2019-01-09,13,SUCATA,
1588,2017-05-13,NHN0304,972847162,9C6KE092080206137,2,2019-12-09,428,DUT,
11529,2018-02-27,OCN7112,327187450,9C2NC4310BR107843,2,2019-12-09,575,DUT,
2146,2017-06-05,HWT6202,161064019,9C2JC1911HR114283,2,2019-12-09,64,SUCATA,
9826,2018-01-14,NRE5392,127492739,94J2XSBC88M009795,2,2019-12-09,48,SUCATA,
6381,2017-10-11,PNE9636,1057656876,9C2KC1670FR507172,2,2019-12-09,449,DUT,
62,2017-03-06,HTY1148,605106231,9BWZZZ30ZNT033180,2,2019-12-09,623,SUCATA,
2105,2017-06-02,HWC7239,707564735,9C2JC250XWR028634,2,2019-12-09,4,SUCATA,
10517,2018-01-25,NVA0264,228618282,9C2JC4110AR685395,2,2019-12-09,282,DUT,
11459,2018-02-24,NQN9160,181443210,9C2KD04209R501428,3,2019-01-09,265,DUT,
13462,2018-04-24,HYI4921,820710105,9C2JC30304R003295,3,2019-01-09,57,SUCATA,
474,2017-03-23,ORZ2130,1018996246,9C2JC4120FR001990,3,2019-01-09,286,DUT,
11693,2018-03-04,OCJ9780,414104811,9C2JC4120CR533703,3,2019-01-09,323,DUT,
3342,2017-07-19,HYJ9770,796288992,9C6KE044030009104,3,2019-01-09,37,SUCATA,
6060,2017-10-02,NUR6331,197523862,9C2NC4310AR061376,3,2019-01-09,345,DUT,
6164,2017-10-05,BZX8620,944904483,9C6KG027080002026,3,2019-01-09,264,DUT,
10622,2018-01-29,OCN7951,324431171,9C2JC4110BR711781,3,2019-01-09,63,SUCATA,
8244,2017-12-04,NQL1220,180362259,9C2JC4120AR009724,3,2019-01-09,272,DUT,
7503,2017-11-10,PNW5130,1073432677,9C2KC2200GR004141,3,2019-01-09,273,DUT,
7230,2017-11-02,NUT2360,284629960,9C2JC4110BR447214,3,2019-01-09,316,DUT,
10651,2018-01-30,HWO3940,711013950,9C2JC250XWR099652,3,2019-01-09,185,SUCATA,
10677,2018-01-30,HUH8851,847836398,9C2KD02305R005393,3,2019-01-09,49,SUCATA,
10399,2018-01-23,NQY5721,192397281,9C2JC4110AR569332,3,2019-01-09,465,DUT,
7558,2017-11-13,HYL8198,904008282,9BWCA05WX7T036610,3,2019-01-09,533,SUCATA,
11520,2018-02-26,HUX4108,623111500,9BD146000R5284718,3,2019-01-09,542,SUCATA,
495,2017-03-25,HVS4381,669464619,9BGSD68ZVVC684847,2,2019-12-09,671,SUCATA,
4879,2017-09-01,PMK9951,1084524608,9C6KG0650G0045418,3,2019-01-09,66,SUCATA,
12645,2018-03-30,OSL3041,525654267,9C6KE1520D0130752,3,2019-01-09,488,DUT,
13704,2018-05-04,OSA4631,524508984,9C2KC1670DR462763,3,2019-01-09,350,DUT,
13639,2018-05-01,HXT5051,797853570,9C2MC35003R105239,3,2019-01-09,321,DUT,
8561,2017-12-13,JUU0458,865215740,9BD17146752562679,3,2019-01-09,514,SUCATA,
1782,2017-05-22,OCO4920,414719131,9C2JC4110CR464544,3,2019-01-09,233,DUT,
105,2017-03-09,OCN7180,405876963,9C2KD0540CR512291,3,2019-01-09,284,DUT,
12048,2018-03-12,HWA4620,162607997,9C2JA010WVR000358,3,2019-01-09,35,SUCATA,
8286,2017-12-05,HXM7880,761414282,9C2JC30101R028863,3,2019-01-09,70,SUCATA,
5899,2017-09-29,OID0341,450122662,93FCRECGBBM004006,3,2019-01-09,121,SUCATA,
5862,2017-09-28,OCB8151,309182220,9C2JC4110BR457412,3,2019-01-09,396,DUT,
13855,2018-05-08,HVK6694,159205751,BH677716,3,2019-01-09,532,SUCATA,
10865,2018-02-05,HVB7387,660739496,9BWZZZ331TP047904,3,2019-01-09,521,SUCATA,
5784,2017-09-26,HVU4609,691792500,9BGSE08NWVC680884,3,2019-01-09,508,SUCATA,
895,2017-04-10,KKO2432,775152161,9C2JC30102R121659,3,2019-01-09,15,SUCATA,
6438,2017-10-12,HYX7311,119352109,9C2JC30708R770506,3,2019-01-09,291,DUT,
5929,2017-09-29,OIA5911,429723474,95VCA6E8BBM002451,3,2019-01-09,40,SUCATA,
1119,2017-04-24,PNB1400,1070718502,9C2KC1670FR213678,3,2019-01-09,308,DUT,
1207,2017-04-27,HWJ1461,711931313,9C2JC250XWR085825,3,2019-01-09,47,SUCATA,
4130,2017-08-13,OCF2400,411467760,9C6KE1520C0088688,3,2019-01-09,32,SUCATA,
1464,2017-05-09,NQQ7221,123263271,9C6KE122090029727,3,2019-01-09,476,DUT,
10451,2018-01-24,HWX1611,752942670,9C2JC3010YR152631,3,2019-01-09,53,SUCATA,
13274,2018-04-19,HVO9961,751672165,9C2JC30101R018416,3,2019-01-09,60,SUCATA,
4761,2017-08-29,PNF4470,1072013468,9C2KC2200GR101877,3,2019-01-09,483,DUT,
7988,2017-11-27,OCE4420,411455753,9C2JC4110CR307601,3,2019-01-09,257,DUT,
7936,2017-11-25,OCJ6071,322438977,9CDNF41ZJBM342912,3,2019-01-09,42,SUCATA,
8344,2017-12-07,OCT8451,313912769,9C2JC4110BR463140,3,2019-01-09,467,DUT,
2784,2017-06-29,HYC1346,977247139,9C6KE092080234523,3,2019-01-09,25,SUCATA,
649,2017-03-31,NQO4989,168265648,9C2JC4110AR511537,3,2019-01-09,234,DUT,
12359,2018-03-20,OCD8501,312065183,95VCA4K8ABM007516,3,2019-01-09,171,SUCATA,
1924,2017-05-26,OSK7270,1021521849,9C2JC4110FR801672,3,2019-01-09,452,DUT,
2805,2017-06-30,NQX0157,157856852,9BD15822AA6296442,3,2019-01-09,591,DUT,
11999,2018-03-12,OSK2740,1019002694,9C2JC4120FR001792,3,2019-01-09,276,DUT,
7767,2017-11-21,HXI3701,773175199,9C2JC30101R075478,3,2019-01-09,44,SUCATA,
11681,2018-03-03,OZA5731,1076240310,9C2KC2200GR106965,3,2019-01-09,492,DUT,
11339,2018-02-21,OIL8561,450627497,95VGF3L2BCM010369,3,2019-01-09,312,DUT,
7825,2017-11-22,NVB4221,195152476,9C2JC4110AR583971,3,2019-01-09,301,DUT,
7944,2017-11-25,HYF3371,876184484,9C2KC08106R862773,3,2019-01-09,381,DUT,
6568,2017-10-15,OSN0774,565515500,LHJPCKLAXDB304307,3,2019-01-09,241,DUT,
12561,2018-03-26,HVT9938,684541831,9BFZZZFHAVB164810,3,2019-01-09,520,SUCATA,
3370,2017-07-21,HWZ5538,867533854,9C2HA07101R246366,3,2019-01-09,256,DUT,
10546,2018-01-26,NQQ9367,158326520,9C2JC41209R108220,2,2019-12-09,612,DUT,
11080,2018-02-09,HYS2377,991651588,9C2JC30708R749229,2,2019-12-09,437,DUT,
2992,2017-07-06,OCC6566,346639867,9C2JC4110BR513091,2,2019-12-09,413,DUT,
7868,2017-11-24,HWB0526,834364786,9C2MC35004R036055,2,2019-12-09,84,DUT,
13395,2018-04-21,PNG1050,1069639793,9C2KC2200GR500642,2,2019-12-09,307,DUT,
13377,2018-04-21,OCF7246,346574609,9C2NC4310BR272745,2,2019-12-09,327,DUT,
8178,2017-12-01,NQS1826,253589908,9C2JC4120AR140296,2,2019-12-09,331,DUT,
11149,2018-02-15,PNT3050,1104415612,9C2KC2500HR008719,2,2019-12-09,403,DUT,
8490,2017-12-11,HYT0435,940803810,9C2JC30708R071319,2,2019-12-09,393,DUT,
2452,2017-06-16,HWP1441,730137236,9C2JC3020YR002892,2,2019-12-09,510,DUT,
7257,2017-11-03,HWT3817,984587160,94J2XDCG88M033852,2,2019-12-09,75,SUCATA,
8761,2017-12-17,HYU1793,962811483,9C2JC30708R582999,2,2019-12-09,42,SUCATA,
2640,2017-06-24,HYL3240,844352420,9C2KC08505R810231,2,2019-12-09,54,SUCATA,
13521,2018-04-26,HYR6902,951963031,9C2KC08108R100047,2,2019-12-09,608,DUT,
8446,2017-12-09,NUQ1703,217085636,9C2NC4310AR070365,2,2019-12-09,416,DUT,
1233,2017-04-28,HXC7993,780755049,9BFBRZFDA2B417392,2,2019-12-09,629,SUCATA,
6989,2017-10-27,HYL4644,929802667,9BGRZ48908G146909,2,2019-12-09,718,DUT,
13612,2018-04-30,HXI3686,861306449,9C2JD20205R034075,2,2019-12-09,580,DUT,
4323,2017-08-20,HXF6266,859166473,9BWCA05X15T186921,2,2019-12-09,716,DUT,
1405,2017-05-06,HUS1526,647470365,9C2JC2501SRT12043,2,2019-12-09,63,SUCATA,
8788,2017-12-18,HWJ9924,885459903,9C2KC08606R802836,2,2019-12-09,151,DUT,
10260,2018-01-22,JWH8828,623437201,9BWZZZ30ZRT117884,2,2019-12-09,635,SUCATA,
13239,2018-04-18,NRD7597,173261833,9C2KD04209R501384,2,2019-12-09,557,DUT,
11962,2018-03-10,OCQ2088,375441271,9C2KC1680CR403941,2,2019-12-09,572,DUT,
6377,2017-10-11,HWV9209,745232051,9C2JC30201R006068,2,2019-12-09,525,DUT,
13712,2018-05-04,PMZ8799,1066284170,9C2KC2210GR009059,2,2019-12-09,468,DUT,
6916,2017-10-25,HTZ5659,159526264,9BG5JK69ZGB078958,2,2019-12-09,640,SUCATA,
8505,2017-12-12,HUS7535,657761850,9BFZZZ554TB952035,2,2019-12-09,627,SUCATA,
11423,2018-02-23,NUV5063,216866340,9C2KD0520AR053738,3,2019-01-09,197,SUCATA,
7246,2017-11-03,HTX7913,161595332,9BGTC11UKKC144291,3,2019-01-09,512,SUCATA,
124,2017-03-10,NQP2944,143506064,95VCA1C599M010907,3,2019-01-09,250,DUT,
4891,2017-09-01,HYV4517,115710965,9C6KE122090006071,3,2019-01-09,228,DUT,
1546,2017-05-11,NUU5350,308746244,9C2JC4110BR447538,2,2019-12-09,303,DUT,
13546,2018-04-27,NQX1222,194175308,9C2KC1550AR004152,2,2019-12-09,305,DUT,
8342,2017-12-07,OCS5723,332484106,9C6KE1510B0010785,2,2019-12-09,401,DUT,
1449,2017-05-09,ORU0939,503210862,9C2JC4110DR700881,2,2019-12-09,340,DUT,
9292,2017-12-29,OIH7930,1105030897,9C2JC4110ER812032,2,2019-12-09,341,DUT,
1584,2017-05-13,PNE4916,1058390411,9C2KC1670FR209277,2,2019-12-09,421,DUT,
10751,2018-01-31,PMR7297,1041490728,9C2KC1670FR506179,2,2019-12-09,344,DUT,
3185,2017-07-13,HWJ8215,830530843,9C2KC08104R062322,2,2019-12-09,350,DUT,
6527,2017-10-14,PMV3726,1050511872,9C2KC1680FR215203,2,2019-12-09,351,DUT,
4695,2017-08-27,OSB6351,524999988,9C2KD0550DR119840,2,2019-12-09,441,DUT,
5617,2017-09-22,HYP7854,932426123,9C2JC30708R002689,2,2019-12-09,453,DUT,
1780,2017-05-22,OIE8691,452333237,9C2JC4120CR531366,2,2019-12-09,479,DUT,
7986,2017-11-27,NVE6879,283125420,9C2KC1670BR342949,2,2019-12-09,76,SUCATA,
5977,2017-10-01,HYG1510,795995962,9C6KE038030000377,2,2019-12-09,492,DUT,
11363,2018-02-21,NQZ8121,191079995,9C2JC4120AR006030,2,2019-12-09,574,DUT,
12848,2018-04-07,NUM8897,261829270,9C2KC1680BR302981,2,2019-12-09,112,DUT,
6806,2017-10-22,HWK5726,761920161,9C2JD17201R014180,2,2019-12-09,323,DUT,
9935,2018-01-16,OSD2859,504830538,9C2KC1680DR407147,2,2019-12-09,145,DUT,
405,2017-03-20,HYD8101,875434754,9C2KD03106R003976,2,2019-12-09,452,DUT,
10502,2018-01-25,OIA8814,467760659,9C2JC4110CR519938,2,2019-12-09,504,DUT,
13689,2018-05-03,OCP5945,339631970,9C2KD0550BR034722,2,2019-12-09,522,DUT,
5328,2017-09-14,HWA4765,737594616,9C2JC3020YR033501,2,2019-12-09,114,DUT,
11763,2018-03-06,HVX4776,720545242,9BFZZZGDAYB655490,2,2019-12-09,666,SUCATA,
8699,2017-12-15,NRA3946,253963907,9C2NC4310BR000430,2,2019-12-09,334,DUT,
4216,2017-08-16,HYH3399,117677876,9C6KE122090027340,3,2019-01-09,6,SUCATA,
7156,2017-10-31,OCP9346,350887373,9C2JC4120BR741137,2,2019-12-09,573,DUT,
3376,2017-07-21,PMH0056,1042189509,9C2KC1670FR504327,2,2019-12-09,503,DUT,
4866,2017-08-31,OSJ9707,714461059,95VCA7K8BCM002395,2,2019-12-09,439,DUT,
9729,2018-01-11,CDC7687,417538979,9BFBXXLBAJBW56328,2,2019-12-09,659,SUCATA,
4032,2017-08-10,OCJ0177,371533660,9C6KE1520B0072474,2,2019-12-09,430,DUT,
13814,2018-05-07,MXK2518,176954414,KNAJA5535V5116442,2,2019-12-09,637,SUCATA,
8470,2017-12-11,PMF4927,1038622376,9C2KC1680FR556431,2,2019-12-09,526,DUT,
9535,2018-01-06,NUZ7657,270469524,95VGF2K2ABM009181,2,2019-12-09,576,DUT,
10487,2018-01-25,PMF0268,1034432149,9C2HC1420ER031021,2,2019-12-09,521,DUT,
13450,2018-04-24,HWT2303,851593534,9C2JC30705R009254,2,2019-12-09,301,DUT,
9331,2017-12-30,NUM3907,262206463,9C2JC4110AR715034,2,2019-12-09,319,DUT,
3326,2017-07-19,OCM6441,324458860,9C2KC1650BR517637,2,2019-12-09,347,DUT,
9914,2018-01-16,OCJ0027,362109338,93FCMACCBBM003482,2,2019-12-09,352,DUT,
12461,2018-03-23,HWV2376,785855734,9C2MD28002R109605,2,2019-12-09,356,DUT,
5223,2017-09-12,HWV8939,745857639,9C2JC30101R007189,2,2019-12-09,362,DUT,
101,2017-03-08,NUW5973,218445873,9C2JC4110AR658645,2,2019-12-09,366,DUT,
11084,2018-02-09,OCC6862,324186134,9C2JC4110BR404389,2,2019-12-09,373,DUT,
10923,2018-02-06,NHA0015,897393384,9C6KE092070068580,2,2019-12-09,379,DUT,
13151,2018-04-15,OCC1768,379282704,9C2KC1680BR547454,2,2019-12-09,603,DUT,
8793,2017-12-18,HYU5580,817643044,93YCB0Y054J442479,2,2019-12-09,708,DUT,
6947,2017-10-25,HYG6546,980104645,9C2KC08108R237358,2,2019-12-09,318,DUT,
8502,2017-12-12,NUT6778,271020334,9C6KE122090000790,2,2019-12-09,339,DUT,
10806,2018-02-02,HXS3365,947644903,9C2HB02108R004761,2,2019-12-09,386,DUT,
13468,2018-04-24,HWN6454,887665420,9C6KE091060012873,2,2019-12-09,21,SUCATA,
5292,2017-09-14,NQN0700,180713558,9C2JC4110AR539387,3,2019-01-09,269,DUT,
6032,2017-10-01,NVC7103,217376592,9C2KC1550AR108571,3,2019-01-09,148,SUCATA,
9020,2017-12-22,NQY0641,192314084,9C2JC4110AR560075,3,2019-01-09,494,DUT,
6538,2017-10-14,HYA5455,934099782,9C2MC35008R007462,3,2019-01-09,109,SUCATA,
8568,2017-12-13,PNQ3696,1057942712,9C2JC4110FR111202,3,2019-01-09,402,DUT,
11057,2018-02-08,NUP8152,202670040,9C2JC4110AR610480,2,2019-12-09,566,DUT,
13637,2018-05-01,OCE6957,357283120,9C6KE1500B0041633,3,2019-01-09,495,DUT,
13781,2018-05-05,OZA6182,1083511146,9C2KC2200GR034880,2,2019-12-09,606,DUT,
10550,2018-01-26,OIC9652,456420371,95VGF3G2BCM003944,2,2019-12-09,499,DUT,
10167,2018-01-20,NQU5063,133267253,9C2KC15109R032474,2,2019-12-09,611,DUT,
13930,2018-05-10,PMS2093,1084445490,9C2KC2200GR036496,2,2019-12-09,493,DUT,
9481,2018-01-05,OID2634,469132833,9C6KE1060C0012201,2,2019-12-09,426,DUT,
1574,2017-05-12,NQO5644,139562109,9C6KE121090013034,2,2019-12-09,139,DUT,
7745,2017-11-20,HYJ5234,147411319,9BFZF55A298420416,2,2019-12-09,707,DUT,
4217,2017-08-16,HVP6355,703362518,9C2JC250WWR184783,2,2019-12-09,47,SUCATA,
8667,2017-12-15,OCT2795,343546892,9C2KD0550BR546504,2,2019-12-09,500,DUT,
13105,2018-04-14,OSU8615,589952390,9C2KC1680ER405677,2,2019-12-09,412,DUT,
13573,2018-04-27,OCF4026,347208053,9C2JC4110BR812843,2,2019-12-09,530,DUT,
4607,2017-08-25,OCG0616,346933757,9C2JC4120BR739523,2,2019-12-09,450,DUT,
9801,2018-01-14,NUN8633,214742792,9C2KC1550AR122907,2,2019-12-09,205,DUT,
7045,2017-10-28,HWM6484,883710005,9BGSN19906B216282,2,2019-12-09,717,DUT,
13703,2018-05-04,PNK6986,1061480531,9C2JC4110FR208921,2,2019-12-09,464,DUT,
12277,2018-03-16,HWX6847,981829627,9C2JC30708R674431,2,2019-12-09,511,DUT,
12137,2018-03-14,OSI4247,1000889537,9C6KE1950E0009130,2,2019-12-09,409,DUT,
11391,2018-02-22,HYJ0788,901986267,9C2KC08207R023132,2,2019-12-09,515,DUT,
10322,2018-01-22,HWV6721,752208578,9C2MC27001R016248,3,2019-01-09,170,SUCATA,
2345,2017-06-12,OCK8427,373191332,9C2JC4110CR407623,3,2019-01-09,217,DUT,
2045,2017-05-31,NUV6912,206753772,95VCA4C5AAM002838,3,2019-01-09,127,SUCATA,
13803,2018-05-07,NUM0402,201341077,9C2KC1640AR027356,3,2019-01-09,324,DUT,
8453,2017-12-09,NUR9613,217987320,93YLSR7RHAJ461839,3,2019-01-09,573,DUT,
9014,2017-12-22,OCC8960,412091542,9C2KD0550CR541060,3,2019-01-09,351,DUT,
13050,2018-04-12,HXT7701,798122480,9C2JC30203R125609,3,2019-01-09,206,SUCATA,
13919,2018-05-10,HPP3981,803594984,9C6KE043030005468,3,2019-01-09,43,SUCATA,
11582,2018-02-28,HYL2663,957144326,9C2JC30708R137697,3,2019-01-09,338,DUT,
7304,2017-11-05,HYL4643,955555817,9C2JC30708R544151,3,2019-01-09,280,DUT,
13645,2018-05-01,HWJ6205,829321454,9C2KC08104R063193,3,2019-01-09,90,SUCATA,
7747,2017-11-20,HYG9642,917117913,9C2KD03207R016828,2,2019-12-09,354,DUT,
11201,2018-02-18,HYW6165,945349157,9BFBLZGDA7B645250,3,2019-01-09,588,DUT,
13492,2018-04-25,ORN9836,593732901,9C2KC1680ER485424,3,2019-01-09,224,DUT,
10373,2018-01-23,PNS7206,1056764276,LHJPCKLA0EB403638,3,2019-01-09,498,DUT,
13746,2018-05-05,OCC8707,372611699,9C6KE1500B0040153,3,2019-01-09,502,DUT,
12001,2018-03-12,PNK3719,1106111629,9C2KC2200HR026458,3,2019-01-09,462,DUT,
13654,2018-05-01,HWV8169,744982154,9C2MC27001R008414,3,2019-01-09,91,SUCATA,
12383,2018-03-20,PNR3099,1101427148,99HJT2050HS000609,3,2019-01-09,398,DUT,
2955,2017-07-05,HVK0029,162489145,8AFZZZ54ATJ054843,3,2019-01-09,504,SUCATA,
728,2017-04-04,HYC6276,977870863,95VCA1G588M023298,3,2019-01-09,23,SUCATA,
8403,2017-12-08,HYR4334,933265930,9C2JC30708R013041,2,2019-12-09,262,DUT,
10552,2018-01-26,HYV5567,984975896,9C2MC35008R094453,2,2019-12-09,214,DUT,
12951,2018-04-10,HVX9977,110144619,9C2KC08108R309111,2,2019-12-09,215,DUT,
3030,2017-07-08,OIJ1484,465224946,95VCA7B8BCM000082,2,2019-12-09,143,DUT,
12201,2018-03-15,PMR6992,1113090399,9C2KC2500HR032755,2,2019-12-09,254,DUT,
12994,2018-04-11,NQU3343,210606096,9C2JC4110AR634193,2,2019-12-09,243,DUT,
4686,2017-08-27,HYY3402,955333822,94J2XDCK78M025285,3,2019-01-09,81,SUCATA,
12658,2018-04-01,EXG1752,358561477,9C2KC1670BR621935,3,2019-01-09,472,DUT,
6422,2017-10-11,NUW2280,307487059,9C2JC4110BR460013,3,2019-01-09,440,DUT,
12355,2018-03-20,NUR8590,306133377,9C2KC1670BR501135,3,2019-01-09,361,DUT,
6213,2017-10-06,NQT2232,193648903,9C2NC4310AR053634,3,2019-01-09,437,DUT,
10910,2018-02-05,NQL1321,120732491,9C2JC30708R777669,3,2019-01-09,164,SUCATA,
9145,2017-12-27,OSK3841,527324485,9C2KD0550DR356256,3,2019-01-09,186,SUCATA,
11473,2018-02-25,OIF5901,451642139,9C2HB0210CR438394,3,2019-01-09,415,DUT,
9937,2018-01-16,NUN1221,195325940,9C6KE1220A0106597,3,2019-01-09,356,DUT,
13821,2018-05-07,ORW1911,526633255,9C6KE1520D0132000,3,2019-01-09,278,DUT,
11028,2018-02-08,ORO9094,553596616,9C2KC1670DR509693,3,2019-01-09,461,DUT,
127,2017-03-10,NQS3824,222128321,9C2JC4110AR643554,3,2019-01-09,454,DUT,
10788,2018-02-02,HYQ3434,136639534,9C2JC41109R043187,3,2019-01-09,436,DUT,
3898,2017-08-07,OIL8412,461629305,9C6KE1520C0105811,2,2019-12-09,599,DUT,
7873,2017-11-24,OCB3733,331421437,9C2KC1650BR535007,2,2019-12-09,619,DUT,
5320,2017-09-14,MZF5005,855790962,9C2KC08105R861298,3,2019-01-09,168,SUCATA,
611,2017-03-29,HYH2895,937745740,9C6KE092080151892,3,2019-01-09,139,SUCATA,
12297,2018-03-17,HXA0695,782794530,9C2JC30102R213059,3,2019-01-09,151,SUCATA,
13823,2018-05-07,HVO0055,681070544,9BFZZZFHAVB137390,3,2019-01-09,517,SUCATA,
5120,2017-09-09,HUB7605,162010788,9BFZZZ54ZMB141397,3,2019-01-09,557,SUCATA,
11712,2018-03-05,NUR1775,237335050,95VGF2G2ABM002255,3,2019-01-09,366,DUT,
6529,2017-10-14,NQW4606,255572808,95VCA4J8ABM006209,3,2019-01-09,210,SUCATA,
4372,2017-08-21,HVO4106,161173799,9C2JC1801HR141889,3,2019-01-09,112,SUCATA,
12372,2018-03-20,PNE6546,1057317745,9C2KC1680FR604601,3,2019-01-09,500,DUT,
9040,2017-12-22,HYD3766,978708318,9C6KE092080231013,3,2019-01-09,145,SUCATA,
13025,2018-04-12,OCN0266,353401633,9C2JC4110BR815373,3,2019-01-09,220,DUT,
10842,2018-02-04,OSN2767,655708898,9C2JC4110ER104063,3,2019-01-09,337,DUT,
6658,2017-10-18,HYB6087,897768965,9C2KC08107R036848,3,2019-01-09,150,SUCATA,
9804,2018-01-14,HWH9159,844716057,9C2KC08105R812809,3,2019-01-09,97,SUCATA,
8842,2017-12-19,NUM3289,279774605,9C2JC4110BR313665,3,2019-01-09,123,SUCATA,
11482,2018-02-25,NQQ0849,169422429,9CDNF41LJ9M313392,3,2019-01-09,126,SUCATA,
6332,2017-10-10,HYO2537,990424308,9BFZF20A598326584,2,2019-12-09,690,DUT,
11766,2018-03-06,HUM8873,636021114,9BWZZZ30ZSP051757,2,2019-12-09,670,SUCATA,
322,2017-03-17,HWR5522,126982244,94J2XDCG88M033710,3,2019-01-09,5,SUCATA,
4677,2017-08-27,OCM5472,327518200,9C2JC4110BR726636,3,2019-01-09,443,DUT,
12221,2018-03-15,HXM5312,879756942,9C2MC35006R017144,3,2019-01-09,393,DUT,
12568,2018-03-26,HWJ2920,709379625,9BWZZZ376WP039447,3,2019-01-09,527,SUCATA,
8933,2017-12-20,PMB8914,1050971873,9C2JC4110FR111385,3,2019-01-09,370,DUT,
9600,2018-01-08,HWZ4274,143771108,9C2KC08108R357325,3,2019-01-09,455,DUT,
3068,2017-07-10,HXH9725,807304166,9C2JD20203R017084,3,2019-01-09,172,SUCATA,
12353,2018-03-20,HYC1286,977234487,9C6KE092080234501,3,2019-01-09,406,DUT,
9771,2018-01-13,NUR5747,268234485,9C2JC4110BR400379,3,2019-01-09,385,DUT,
9169,2017-12-27,NQY6127,177753790,9C2KC1550AR023397,3,2019-01-09,427,DUT,
13554,2018-04-27,HTX6767,762299339,93YBB06151J271768,3,2019-01-09,525,SUCATA,
13100,2018-04-13,HXH5687,987940090,9BFZK03A69B067005,3,2019-01-09,522,SUCATA,
4692,2017-08-27,NRE7567,154002046,94J2XDCK89M036370,3,2019-01-09,155,SUCATA,
9558,2018-01-06,HTY8127,604779917,9BWZZZ54ZNB268857,3,2019-01-09,550,SUCATA,
10159,2018-01-19,NQS4668,166446629,95VCA1C599M008091,3,2019-01-09,176,SUCATA,
11047,2018-02-08,HXW8058,903592290,9C2JC30707R030325,3,2019-01-09,407,DUT,
2494,2017-06-18,PMX5238,1036506956,9C2KC1680FR563478,3,2019-01-09,486,DUT,
6504,2017-10-13,NQL5739,168071720,9C2JC4110AR515496,3,2019-01-09,432,DUT,
5414,2017-09-16,HYA9034,927262509,9C2JC30707R217304,3,2019-01-09,22,SUCATA,
3789,2017-08-04,OCI9537,365602175,9C6KE1520B0069533,2,2019-12-09,166,DUT,
10659,2018-01-30,NQY7756,256249776,9C2JC4110AR075581,2,2019-12-09,231,DUT,
9337,2017-12-31,ORQ1565,575668172,9C2KC1680ER409776,2,2019-12-09,177,DUT,
6867,2017-10-24,PMQ8675,1054580623,9C2JC4110FR815798,2,2019-12-09,232,DUT,
2147,2017-06-06,HUH4011,845766490,9C2KC08505R809165,2,2019-12-09,133,DUT,
12782,2018-04-05,HPX4842,855173114,9C6KE044050114675,2,2019-12-09,37,SUCATA,
11389,2018-02-22,HUL5587,611591570,9BFZZZ54ZPB357114,2,2019-12-09,668,SUCATA,
6352,2017-10-10,HYF7486,978156870,9C2JC30708R666715,2,2019-12-09,616,DUT,
7606,2017-11-15,HYT1290,819656100,9C2KD02303R005386,2,2019-12-09,80,SUCATA,
7710,2017-11-20,OSG8086,592444945,LHJPJK30XDB400340,2,2019-12-09,51,SUCATA,
1194,2017-04-26,HXZ4786,977864120,9CDNF41AJ8M206467,2,2019-12-09,218,DUT,
3016,2017-07-07,OCT5411,323136621,96ZNE3125BM000423,2,2019-12-09,11,SUCATA,
7675,2017-11-17,OCJ8073,333122615,9C6KE1510B0011057,2,2019-12-09,263,DUT,
6812,2017-10-23,OSO5333,544325869,9C2JC4110DR771440,2,2019-12-09,173,DUT,
8660,2017-12-15,HXZ6252,911709347,9C2JC30707R108499,2,2019-12-09,273,DUT,
7907,2017-11-24,NRC5907,175482659,9C2JC4110AR539769,3,2019-01-09,499,DUT,
9209,2017-12-28,NQL2310,180188461,9C2JC4110AR543820,3,2019-01-09,237,DUT,
7994,2017-11-27,HVD5052,652278965,9C2MC270TTR000301,3,2019-01-09,183,SUCATA,
9918,2018-01-16,OIM1142,456378456,9C2KC1650CR506219,3,2019-01-09,303,DUT,
10774,2018-02-01,HYZ0671,123656613,9CDNF41AJ8M209511,3,2019-01-09,119,SUCATA,
5535,2017-09-20,OIF1931,450885607,9C2JF2500BR013971,3,2019-01-09,103,SUCATA,
12514,2018-03-23,HVU5380,161683150,9C2JA0101KR200010,3,2019-01-09,41,SUCATA,
2957,2017-07-05,HYR0923,961712910,95VCA1C288M004066,3,2019-01-09,115,SUCATA,
3110,2017-07-11,OCJ8071,312832559,9C2JC4110BR500392,3,2019-01-09,484,DUT,
12983,2018-04-11,NQT0023,209715120,9C2JC4110AR034822,3,2019-01-09,496,DUT,
10950,2018-02-06,OSN6053,552055123,9C2KC1670DR512206,3,2019-01-09,292,DUT,
5680,2017-09-23,HYA7584,927077906,94J2XDCK67M010599,3,2019-01-09,173,SUCATA,
374,2017-03-19,HVQ9574,719428556,9BGSC08ZXWB604950,3,2019-01-09,592,DUT,
11902,2018-03-09,OCG0534,336604289,9C2NC4310BR266463,3,2019-01-09,379,DUT,
8688,2017-12-15,HWV6055,857392174,9C2KD02305R013490,3,2019-01-09,146,SUCATA,
10760,2018-02-01,ORO5905,569700698,9C2JC4110DR808949,3,2019-01-09,497,DUT,
13236,2018-04-18,NQS2365,230081347,9C2JC4110AR657570,3,2019-01-09,501,DUT,
13234,2018-04-18,KKW7166,728354896,8AWZZZ6K2YA500207,3,2019-01-09,543,SUCATA,
8194,2017-12-03,OIC3827,486121275,9C2JC4110DR751899,3,2019-01-09,410,DUT,
363,2017-03-18,OCM8197,372607772,9C2JC4110CR303498,3,2019-01-09,359,DUT,
10609,2018-01-28,OSU4897,996429891,93FACECFCDM001147,3,2019-01-09,409,DUT,
12553,2018-03-26,HWV2607,791162486,9C2JC30102R183806,3,2019-01-09,94,SUCATA,
7031,2017-10-28,HXE8648,768121035,9C2MC35002R012113,3,2019-01-09,341,DUT,
6366,2017-10-10,OIN9549,496099507,9C2KC1670DR000136,3,2019-01-09,216,DUT,
3073,2017-07-10,HXP6529,868443743,9C2KC08505R817848,3,2019-01-09,166,SUCATA,
6077,2017-10-03,ORS0859,500696624,9C2KC1660DR508428,3,2019-01-09,480,DUT,
3838,2017-08-04,NQL7628,162356498,9C2JC41109R540562,2,2019-12-09,211,DUT,
9708,2018-01-11,NVD8301,200239007,95VCA4A5AAM000217,2,2019-12-09,116,DUT,
11461,2018-02-24,HPU1536,835163350,9BGRZ08X05G113141,2,2019-12-09,727,DUT,
11076,2018-02-09,OCN3351,316687936,9C2KD0550BR002385,2,2019-12-09,178,DUT,
2433,2017-06-16,NUY4139,285380664,9BWAA05Z5B4159767,2,2019-12-09,712,DUT,
6809,2017-10-22,HXX9750,772783500,9BWAC03X42P005612,2,2019-12-09,676,DUT,
10545,2018-01-26,HVJ3089,664296556,9BD178026T0113420,2,2019-12-09,646,SUCATA,
1404,2017-05-06,OIG1635,473147556,9C2JC4120CR578787,2,2019-12-09,252,DUT,
13558,2018-04-27,MUO4430,689398387,9BWZZZ377VT206564,3,2019-01-09,554,SUCATA,
369,2017-03-18,OCG6653,329079018,93FCRECLABM001540,3,2019-01-09,240,DUT,
5254,2017-09-13,EQE0594,241430895,94J2XCCE88M027727,3,2019-01-09,252,DUT,
52,2017-03-06,OIE1796,478338791,9C2JC4110CR559352,3,2019-01-09,219,DUT,
8118,2017-11-30,NQU3456,255120680,9BWAA05U2BT081703,3,2019-01-09,585,DUT,
1395,2017-05-06,HUY5217,834781310,9C2KC08304R001788,3,2019-01-09,254,DUT,
7443,2017-11-09,OCM3081,316770370,9C2JF2500AR203862,2,2019-12-09,162,DUT,
6486,2017-10-13,HYW5242,954120337,9C2JC30708R515265,2,2019-12-09,204,DUT,
7705,2017-11-20,PNG6118,1062511880,9C2KD0810FR451345,3,2019-01-09,326,DUT,
9602,2018-01-08,HWJ4615,828679916,9C2KC08104R034622,2,2019-12-09,98,DUT,
1586,2017-05-13,ORO6215,569912687,9C2HB0210DR457797,2,2019-12-09,101,DUT,
7640,2017-11-16,NVB4065,229791891,9C2KC1550AR156510,2,2019-12-09,138,DUT,
13742,2018-05-05,OCF2008,394604598,95VGF3L2BCM009647,3,2019-01-09,329,DUT,
9550,2018-01-06,NUS0983,219147647,9C6KE1200A0061825,2,2019-12-09,144,DUT,
6300,2017-10-09,HYM5959,166551759,9C2JC4130AR000288,3,2019-01-09,157,SUCATA,
10903,2018-02-05,HXY3087,986178551,9C2KC08108R285214,3,2019-01-09,7,SUCATA,
6312,2017-10-10,MUX6906,785075968,9BWCA05Y72T141731,2,2019-12-09,719,DUT,
9993,2018-01-17,OCK0156,349348286,95VCA6D8BBM001823,2,2019-12-09,202,DUT,
13312,2018-04-19,HXW3585,937904511,9C2JC30707R226791,2,2019-12-09,229,DUT,
12649,2018-03-31,OSS3922,525885307,9C2JC4110DR719520,2,2019-12-09,244,DUT,
11255,2018-02-20,ORR6343,543864847,9C2JD2310DR002854,2,2019-12-09,127,DUT,
6089,2017-10-03,PNG4107,1063334389,9C2KD0810FR207103,2,2019-12-09,122,DUT,
11854,2018-03-08,NVE6627,259361380,9C2KC1550AR223681,2,2019-12-09,95,DUT,
727,2017-04-04,HWZ7821,752481436,9BWCA05X51P061178,2,2019-12-09,641,SUCATA,
11540,2018-02-27,OCJ2288,417579314,9C2NC4310CR022248,2,2019-12-09,617,DUT,
8109,2017-11-30,ORR4598,1001570992,9C2JC4110ER118357,2,2019-12-09,123,DUT,
5614,2017-09-22,OSI5934,569662460,9C2KD0550DR229515,2,2019-12-09,597,DUT,
3618,2017-07-29,HYS2836,974558320,9C2MC35008R071812,2,2019-12-09,109,DUT,
10582,2018-01-27,OCQ9562,327570938,9C2JC4110BR700940,2,2019-12-09,153,DUT,
10872,2018-02-05,NQQ6903,209274131,9C6KE1200A0060470,2,2019-12-09,103,DUT,
6425,2017-10-11,HYT3040,820485527,9C2JC30201R015525,2,2019-12-09,258,DUT,
10566,2018-01-26,HXO9952,910896771,9C2KD03207R013016,2,2019-12-09,217,DUT,
10815,2018-02-02,HWD6544,759421170,9C2JC30101R165275,2,2019-12-09,135,DUT,
799,2017-04-05,NUV3744,227106016,LB4NE10419C004443,3,2019-01-09,194,SUCATA,
5068,2017-09-07,OIM3575,476353939,9C2KC1650CR305714,2,2019-12-09,272,DUT,
1536,2017-05-11,HXE2478,766922928,9C2JC30201R083853,3,2019-01-09,207,SUCATA,
13551,2018-04-27,OCJ1024,337863750,95VGF2J2ABM007950,3,2019-01-09,243,DUT,
13265,2018-04-18,MYJ8026,830929134,9BD17146742474171,3,2019-01-09,507,SUCATA,
11370,2018-02-21,KKT6239,174033249,9362NKFWXAB035595,3,2019-01-09,595,DUT,
5997,2017-10-01,HYJ1128,902457721,9C2KC08507R020614,3,2019-01-09,395,DUT,
513,2017-03-25,ORU4808,1002911980,9C2JC4110ER725104,3,2019-01-09,468,DUT,
6509,2017-10-13,HWI9139,868825360,9C2KC08106R811266,3,2019-01-09,451,DUT,
665,2017-04-01,OHX1439,494058471,9C2JC4120DR505423,3,2019-01-09,222,DUT,
13768,2018-05-05,HXI8353,915947714,9C2KC08107R127342,2,2019-12-09,228,DUT,
10749,2018-01-31,HWY2626,151029032,9C2JC41109R518916,2,2019-12-09,149,DUT,
8227,2017-12-04,NQL1721,133759539,94J2XSBK88M018106,2,2019-12-09,234,DUT,
12919,2018-04-09,NUZ0621,200701185,9C2JC4110AR598349,2,2019-12-09,267,DUT,
9981,2018-01-17,PNN1817,1061788587,LHJPJK303D0400191,2,2019-12-09,240,DUT,
7351,2017-11-06,HWO6757,862506123,9C2KC08506R800105,2,2019-12-09,247,DUT,
4700,2017-08-28,OCR7398,380025558,LXYPCML02B0241424,2,2019-12-09,196,DUT,
9076,2017-12-24,OSB2068,1006618420,9C2KC1650ER025978,2,2019-12-09,275,DUT,
10539,2018-01-26,HVM1904,696940906,9BGSC08ZWWC711038,2,2019-12-09,698,DUT,
9705,2018-01-11,OIO7927,485827174,9C2JC4110CR552662,2,2019-12-09,93,DUT,
13646,2018-05-01,OIF0498,490703399,9C2JC4110DR100817,2,2019-12-09,535,DUT,
10412,2018-01-24,HXW4087,985574895,9C2JC30708R725743,2,2019-12-09,193,DUT,
11097,2018-02-10,OIK1351,419713107,9C2JC4110CR464940,2,2019-12-09,280,DUT,
959,2017-04-12,HUT2971,641424272,9C2JC2501SRS05238,2,2019-12-09,276,DUT,
2380,2017-06-13,HYG2631,906581443,9C2JC30707R037932,2,2019-12-09,36,SUCATA,
11059,2018-02-08,ORQ2755,580100758,9C2JC4160ER002202,2,2019-12-09,175,DUT,
342,2017-03-18,OSE2395,585879192,9C2HC1420DR035988,2,2019-12-09,246,DUT,
12401,2018-03-21,HWS2362,777841401,9C2MC35002R023951,2,2019-12-09,170,DUT,
6102,2017-10-03,OCT2165,346728754,9C6KE1520B0064865,3,2019-01-09,251,DUT,
13589,2018-04-28,NQU0548,158403320,9C2JC41109R061251,3,2019-01-09,225,DUT,
10275,2018-01-22,HYH6639,871640880,9C2JC30705R104432,3,2019-01-09,211,SUCATA,
8930,2017-12-20,OIF9425,470762071,9C2JC4810CR011578,2,2019-12-09,128,DUT,
11980,2018-03-11,OCT6859,402089391,9C2JC4110CR306312,3,2019-01-09,11,SUCATA,
5927,2017-09-29,OCD3744,334976782,9C6KE1510B0017073,2,2019-12-09,90,DUT,
13174,2018-04-16,OCL2520,419699929,9C2JC4110CR478233,2,2019-12-09,233,DUT,
6892,2017-10-24,HXQ7611,876844301,9C2KC08506R821147,2,2019-12-09,164,DUT,
6214,2017-10-06,NXG3722,371755468,9BGSU19F0CB139296,3,2019-01-09,589,DUT,
7843,2017-11-23,HHX3312,951996630,9BGRZ08908G236190,3,2019-01-09,593,DUT,
12518,2018-03-24,HVM9761,670045950,9C2JC250VVR093064,3,2019-01-09,116,SUCATA,
8902,2017-12-19,HWV2690,710269846,9BFZZZFDAWB259684,3,2019-01-09,526,SUCATA,
6374,2017-10-11,OCP1156,349651469,9C2JC4110CR400627,3,2019-01-09,249,DUT,
9926,2018-01-16,HXC9487,811460584,9C2JD20203R025976,3,2019-01-09,108,SUCATA,
6003,2017-10-01,HXN2059,792171195,9C2MC35003R005015,3,2019-01-09,9,SUCATA,
9874,2018-01-15,OCO8514,336047550,LXYPCKL00B0316089,2,2019-12-09,505,DUT,
13362,2018-04-20,HYJ8164,144864690,9C2JC41109R058578,2,2019-12-09,475,DUT,
13497,2018-04-25,HXQ6684,888474032,9C6KE092060052474,2,2019-12-09,337,DUT,
13109,2018-04-14,ORO0031,504986988,9C2JC4110DR109602,2,2019-12-09,111,DUT,
5086,2017-09-08,ORS0493,540489425,9C6KE1930E0002563,2,2019-12-09,433,DUT,
1823,2017-05-24,HWX2797,787272299,9C2JD17202R021206,2,2019-12-09,23,SUCATA,
13172,2018-04-16,HOS8692,619000465,9BFZZZ54ZRB503978,3,2019-01-09,528,SUCATA,
13060,2018-04-13,NQN7002,128272163,9C6KE122090027125,3,2019-01-09,470,DUT,
8156,2017-12-01,ORR7014,556409965,9C6KE1930E0003722,2,2019-12-09,548,DUT,
12397,2018-03-21,HXU6354,924046201,9C2MC35007R051179,3,2019-01-09,76,SUCATA,
3152,2017-07-13,HXU7344,924261447,9362CKFW98B005127,3,2019-01-09,575,DUT,
4065,2017-08-11,PMB9184,1051182775,9C2JC4110FR110137,3,2019-01-09,371,DUT,
6979,2017-10-27,HYG0145,938985949,9CDNF41LJ8M105081,3,2019-01-09,363,DUT,
8343,2017-12-07,HYE6008,899853048,9C2JC30707R017353,3,2019-01-09,100,SUCATA,
11010,2018-02-07,OIC1107,483502006,9C2JC4110CR588182,2,2019-12-09,100,DUT,
618,2017-03-30,HYG9165,937160296,9C2KD03108R004995,2,2019-12-09,14,SUCATA,
6784,2017-10-21,OHZ6320,1010581055,9C2KC1680ER541479,2,2019-12-09,219,DUT,
3106,2017-07-11,OHZ9720,1012318416,9C2JC4160ER017001,2,2019-12-09,591,DUT,
10467,2018-01-24,PNH3550,1072464613,9C2KD0810FR488244,2,2019-12-09,269,DUT,
7344,2017-11-06,NQP2103,135230314,9C2JC41109R029675,2,2019-12-09,225,DUT,
1462,2017-05-09,NUQ5503,216607116,9C2JC4110AR043894,2,2019-12-09,9,SUCATA,
10765,2018-02-01,HWH5622,754637468,9C2JC30101R083721,2,2019-12-09,291,DUT,
7210,2017-11-02,NUM5635,233913238,9C2KC1610AR058689,2,2019-12-09,435,DUT,
541,2017-03-26,OIM1268,493029559,9C2KC1670DR413414,2,2019-12-09,496,DUT,
9641,2018-01-09,OCP4946,345820169,9C2JC4120BR739553,2,2019-12-09,615,DUT,
881,2017-04-09,OSC5964,565679090,9C2KC1660DR542192,2,2019-12-09,134,DUT,
1538,2017-05-11,OHX5161,420832513,9C2JC4110CR471136,2,2019-12-09,221,DUT,
7293,2017-11-04,OCN6583,333985443,9C2JC4120BR729774,2,2019-12-09,251,DUT,
8268,2017-12-05,HXK5406,892766760,9C2JC30706R924533,2,2019-12-09,88,DUT,
8892,2017-12-19,OSE8491,526191694,9C2HB0210DR005663,2,2019-12-09,185,DUT,
9829,2018-01-14,NUY3091,199607079,9C2KD0520AR026195,2,2019-12-09,97,DUT,
359,2017-03-18,NQT8674,220165343,9C2JC4110AR047442,2,2019-12-09,105,DUT,
12394,2018-03-20,HXK0936,891805613,9C6KE092060058069,2,2019-12-09,119,DUT,
2094,2017-06-02,HYV3313,963525328,9C2JC30708R586656,2,2019-12-09,130,DUT,
7554,2017-11-13,HWV4788,766101266,9C2JC30101R244371,2,2019-12-09,154,DUT,
6925,2017-10-25,HUU9418,110644280,9C2JC30708R746017,2,2019-12-09,159,DUT,
3522,2017-07-26,HYL6936,969984952,9C2JC30708R160564,2,2019-12-09,183,DUT,
8123,2017-11-30,HUV6656,833247190,9C2KC08104R016953,2,2019-12-09,184,DUT,
7507,2017-11-11,OCE3352,327236116,95VCB2E5ABM002590,2,2019-12-09,186,DUT,
8845,2017-12-19,OIL7651,451611659,LXYPCKL07C0551932,2,2019-12-09,222,DUT,
6356,2017-10-10,HWX3664,923282904,9C6KE091070033440,2,2019-12-09,236,DUT,
5588,2017-09-22,OKK5681,479448752,9C2KC1670CR584381,2,2019-12-09,261,DUT,
13404,2018-04-21,PNI6575,1122718338,99HJT2050HS000841,2,2019-12-09,294,DUT,
7949,2017-11-25,HYN8429,116829435,9C6KE120090008289,2,2019-12-09,297,DUT,
11237,2018-02-19,OCE2462,325637849,95VGF2A2BBM001666,2,2019-12-09,397,DUT,
9788,2018-01-13,KGP6091,874808804,9C6KE094060001055,2,2019-12-09,411,DUT,
422,2017-03-21,OHZ6950,1011900600,9C2KD0550ER105818,2,2019-12-09,442,DUT,
3630,2017-07-29,NQW8523,210592206,9C2JC4110AR036863,2,2019-12-09,484,DUT,
9064,2017-12-24,NQN5878,163827109,95VCA1C599M007275,2,2019-12-09,555,DUT,
6428,2017-10-11,JSF5640,137926820,9C2JC41209R038744,2,2019-12-09,560,DUT,
5758,2017-09-26,NUX2210,284509078,9C2KC1670BR343374,2,2019-12-09,564,DUT,
2223,2017-06-08,OSA1491,511986351,9C2JC4120DR527976,2,2019-12-09,588,DUT,
3028,2017-07-08,HXC2274,855364513,9BWEB05X75P066152,2,2019-12-09,673,DUT,
3676,2017-08-01,HYM7525,938900374,9BD15802786036431,2,2019-12-09,688,DUT,
11242,2018-02-19,OIH6679,497076900,9BGSU19F0DB144113,2,2019-12-09,689,DUT,
8373,2017-12-07,HXY3775,934783659,8AWPB05Z68A008327,2,2019-12-09,684,DUT,
58701,2018-08-26,,,LXYPCBL06C0276960,4,2019-03-27,191,SUCATA,
1805,2018-06-01,,,95VJJ1G8ABM001244,4,2019-03-27,190,SUCATA,
63056,2018-02-20,,,LHJXCBLD5B0303391,4,2019-03-27,477,SUCATA,
64755,2018-04-06,,,LXYXCBL05A0232221,4,2019-03-27,517,SUCATA,
71842,2018-09-20,,,LY4YAGAC0B0001140,4,2019-03-27,46,SUCATA,
49777,2018-01-23,,,951BXKBB4BB013165,4,2019-03-27,56,SUCATA,
75088,2018-11-14,,,LXYXCBE0XC0294930,4,2019-03-27,59,SUCATA,
67884,2018-06-15,,,95VJJ1L8ABM005796,4,2019-03-27,73,SUCATA,
71383,2018-10-10,,,94J1XFBC88M066809,4,2019-03-27,98,SUCATA,
61326,2018-01-31,,,951BXKBB8BB002556,4,2019-03-27,99,SUCATA,
64939,2018-04-01,,,951BXKBB1FB001092,4,2019-03-27,100,SUCATA,
45412,2017-06-08,,,LXYPCBL00E0352726,4,2019-03-27,113,SUCATA,
55563,2017-12-06,,,93FNGBABCCM001120,4,2019-03-27,114,SUCATA,
52686,2018-01-13,,,93FSTJXDBBM004591,4,2019-03-27,121,SUCATA,
47268,2017-07-26,,,951BXKBB0GB000887,4,2019-03-27,134,SUCATA,
56660,2018-09-17,,,LHJXCBLD20B404895,4,2019-03-27,136,SUCATA,
61997,2018-02-26,,,LHJXCBLDXDB400898,4,2019-03-27,151,SUCATA,
71787,2018-08-31,,,LD5TCBBA0DA001035,4,2019-03-27,158,SUCATA,
64596,2018-03-18,,,951BXKBA2EB008848,4,2019-03-27,161,SUCATA,
45526,2017-08-29,,,951BXKBB1DB002739,4,2019-03-27,169,SUCATA,
61497,2018-01-24,,,LWYMCA203E6010243,4,2019-03-27,170,SUCATA,
60882,2018-01-08,,,LXYXCBL00C0528511,4,2019-03-27,174,SUCATA,
70025,2018-09-18,,,93FSTJXECDM023185,4,2019-03-27,180,SUCATA,
76107,2018-12-13,,,LXYXCBL08B0513611,4,2019-03-27,205,SUCATA,
73042,2018-09-29,,,LHJXCBLD4B0303155,4,2019-03-27,213,SUCATA,
75838,2018-12-11,,,LXYXCBL00C0317404,4,2019-03-27,215,SUCATA,
50638,2017-12-24,,,LXYXCBL00C0265274,4,2019-03-27,230,SUCATA,
58096,2018-01-07,,,LHJXCBLD3DB403724,4,2019-03-27,235,SUCATA,
73027,2018-09-26,,,LXYXCBL09A0268901,4,2019-03-27,250,SUCATA,
66050,2018-06-04,,,LAAAXKBA4C0000231,4,2019-03-27,324,SUCATA,
69235,2018-06-17,,,LXYXCBL07C0215388,4,2019-03-27,339,SUCATA,
76170,2018-12-15,,,LXYXCBL0XE0218483,4,2019-03-27,454,SUCATA,
50720,2017-08-03,,,LP6XCBA05D0050955,4,2019-03-27,40,SUCATA,
61330,2018-02-07,,,951XKBB1DB000392,4,2019-03-27,61,SUCATA,
63046,2018-02-22,,,LXYXCBL02D0504678,4,2019-03-27,88,SUCATA,
62070,2018-05-19,,,93FSTJXDBBM003745,4,2019-03-27,162,SUCATA,
50534,2017-09-27,,,LHJXCBLD5CB306460,4,2019-03-27,163,SUCATA,
63476,2018-03-04,,,93FWNBADBB006221,4,2019-03-27,184,SUCATA,
49540,2017-12-25,,,LHJXCBED08B0217931,4,2019-03-27,198,SUCATA,
66894,2018-05-27,,,LXYXCBL06C0844762,4,2019-03-27,231,SUCATA,
47337,2017-06-01,,,AMC20191772,4,2019-03-27,273,SUCATA,
52708,2018-01-13,,,99HSS1050GS000014,4,2019-03-27,470,SUCATA,
48377,2017-08-28,,,LHJXCBLDXD8103244,4,2019-03-27,479,SUCATA,
2021,2018-06-01,,,951BXKBB7AB013613,4,2019-03-27,86,SUCATA,
2103,2018-06-01,,,LXYXCBL02A0274123,4,2019-03-27,222,SUCATA,
1891,2018-06-01,,,LXYXCBL02C03207,4,2019-03-27,253,SUCATA,
1664,2018-06-01,,,95VJJ3C8DDM000299,4,2019-03-27,65,SUCATA,
1694,2018-06-01,,,95VJJ3G8DDM000324,4,2019-03-27,95,SUCATA,
43498,2017-12-29,,,95VJJ1L8ABM005899,4,2019-03-27,70,SUCATA,
